Workbook

Sheet global part1 
A1: 바이어명 | B1: 업체명 | C1: 25년 1월 | D1: 25년 2월 | E1: 25년 3월 | F1: 25년 4월 | G1: 25년 5월 | H1: 25년 6월 | I1: 25년 7월 | J1: 25년 8월 | K1: 25년 8월 (~25일) | L1: 25년 9월 | M1: 25년 10월 | N1: 25년 11월 | O1: 25년 12월 | P1: 25년 합계 (~8월 25일) | Q1: 25년 합계 | R1: 26년 1월 | S1: 26년 2월 | T1: 26년 3월 | U1: 26년 4월 | V1: 26년 5월 | W1: 26년 6월 | X1: 26년 7월 | Y1: 26년 8월 (~25일) | Z1: 26년 9월 | AA1: 26년 10월 | AB1: 26년 11월 | AC1: 26년 12월 | AD1: 26년 합계 | AE1: 증감율 | AF1: 업체 순위
A2: POLO RALPH LAUREN | B2: HOISHUN KNITTING FACTORY LTD | C2: 44474140 | D2: 15862440 | E2: 34469800 | F2: 25013090 | G2: 23546510 | H2: 22370350 | I2: 22199490 | J2: 10770530 | K2: 10714940 | L2: 1216750 | M2: 113660 | N2: 416870 | O2: 1022070 | P2: =SUM(C2:I2,K2) -> 198650760 | Q2: =SUM(C2:J2,L2:O2) -> 201475700 | R2: 510760 | S2: 961080 | T2: 700570 | U2: 415280 | V2: 397760 | W2: 859410 | X2: 707250 | Y2: 282960 | AD2: =SUM(R2:AC2) -> 4835070 | AE2: =IF(OR(AD2="", P2=""), 0, IFERROR((AD2-P2)/P2, IF(AD2<>0, 1, 0))) -> -0.97566045 | AF2: =IFERROR(_xlfn.RANK.EQ(AD2, $AD$2:$AD$450), "") -> 86
A3: POLO RALPH LAUREN | B3: PT GOLDEN TEKSTIL INDONESIA | C3: 16690560 | D3: 13275460 | E3: 8158190 | F3: 4693000 | G3: 12475830 | H3: 12961520 | I3: 18170440 | J3: 10473190 | K3: 9289320 | L3: 8255470 | M3: 7764570 | N3: 13205210 | O3: 11372400 | P3: =SUM(C3:I3,K3) -> 95714320 | Q3: =SUM(C3:J3,L3:O3) -> 137495840 | R3: 18586130 | S3: 10993240 | T3: 9622830 | U3: 6668130 | V3: 6430680 | W3: 19945380 | X3: 21140190 | Y3: 10145380 | AD3: =SUM(R3:AC3) -> 103531960 | AE3: =IF(OR(AD3="", P3=""), 0, IFERROR((AD3-P3)/P3, IF(AD3<>0, 1, 0))) -> 0.081676807 | AF3: =IFERROR(_xlfn.RANK.EQ(AD3, $AD$2:$AD$450), "") -> 3 | AH3: 행 레이블 | AI3: 합계 : 25년 합계 | AJ3: 합계 : 26년 합계 | AK3: 증감수수료 | AL3: 증감율
A4: POLO RALPH LAUREN | B4: EVEREST TEXTILE CO., LTD. | C4: 14131110 | D4: 17518850 | E4: 6933840 | F4: 28530 | G4: 6666830 | H4: 3791420 | I4: 15110130 | J4: 16886690 | K4: 15459030 | L4: 4896580 | M4: 856960 | N4: 2461540 | O4: 6558550 | P4: =SUM(C4:I4,K4) -> 79639740 | Q4: =SUM(C4:J4,L4:O4) -> 95841030 | AD4: =SUM(R4:AC4) -> 0 | AE4: =IF(OR(AD4="", P4=""), 0, IFERROR((AD4-P4)/P4, IF(AD4<>0, 1, 0))) -> -1 | AF4: =IFERROR(_xlfn.RANK.EQ(AD4, $AD$2:$AD$450), "") -> 240 | AH4: POLO RALPH LAUREN | AI4: 2045178760 | AJ4: 2151983580 | AK4: =AJ4-AI4 -> 106804820 | AL4: =IFERROR((AJ4-AI4)/AI4, 0) -> 0.052222731
A5: POLO RALPH LAUREN | B5: FAR EASTERN NEW CENTURY CORPORATION | C5: 15986780 | D5: 7538350 | E5: 3887980 | F5: 10581020 | G5: 5531620 | H5: 5327840 | I5: 13136920 | J5: 9332600 | K5: 9332600 | L5: 7494900 | M5: 1479890 | N5: 2913150 | O5: 9400480 | P5: =SUM(C5:I5,K5) -> 71323110 | Q5: =SUM(C5:J5,L5:O5) -> 92611530 | R5: 12285500 | S5: 1708520 | T5: 470250 | U5: 5990660 | V5: 2644840 | W5: 5091030 | X5: 10595520 | Y5: 11577840 | AD5: =SUM(R5:AC5) -> 50364160 | AE5: =IF(OR(AD5="", P5=""), 0, IFERROR((AD5-P5)/P5, IF(AD5<>0, 1, 0))) -> -0.29385917 | AF5: =IFERROR(_xlfn.RANK.EQ(AD5, $AD$2:$AD$450), "") -> 10 | AH5: CLUB MONACO | AI5: 82200330 | AJ5: 7778920 | AK5: =AJ5-AI5 -> -74421410 | AL5: =IFERROR((AJ5-AI5)/AI5, 0) -> -0.90536632
A6: POLO RALPH LAUREN | B6: Tung Ga Linen & Cotton Mills Ltd | C6: 15180360 | D6: 8516380 | E6: 4456510 | F6: 6242560 | G6: 5693690 | H6: 6777850 | I6: 18247080 | J6: 15555490 | K6: 13671140 | L6: 15755600 | M6: 17455270 | N6: 16431460 | O6: 10691210 | P6: =SUM(C6:I6,K6) -> 78785570 | Q6: =SUM(C6:J6,L6:O6) -> 141003460 | R6: 7671930 | S6: 1034210 | T6: 3518160 | U6: 1701540 | V6: 1039860 | W6: 0 | X6: 1723450 | Y6: 1260020 | AD6: =SUM(R6:AC6) -> 17949170 | AE6: =IF(OR(AD6="", P6=""), 0, IFERROR((AD6-P6)/P6, IF(AD6<>0, 1, 0))) -> -0.77217694 | AF6: =IFERROR(_xlfn.RANK.EQ(AD6, $AD$2:$AD$450), "") -> 29 | AH6: 총합계 | AI6: 2127379090 | AJ6: 2159762500 | AK6: =AJ6-AI6 -> 32383410 | AL6: =IFERROR((AJ6-AI6)/AI6, 0) -> 0.015222209
A7: POLO RALPH LAUREN | B7: Ruentex industries limited | C7: 14541130 | D7: 8445290 | E7: 4831320 | F7: 3768800 | G7: 7786340 | H7: 6478680 | I7: 14625220 | J7: 3124700 | K7: 3124700 | L7: 4402460 | M7: 3419020 | N7: 4069100 | O7: 6241730 | P7: =SUM(C7:I7,K7) -> 63601480 | Q7: =SUM(C7:J7,L7:O7) -> 81733790 | R7: 9318640 | S7: 7489610 | T7: 4076860 | U7: 7488300 | V7: 11164660 | W7: 6976450 | X7: 14818420 | Y7: 9054260 | AD7: =SUM(R7:AC7) -> 70387200 | AE7: =IF(OR(AD7="", P7=""), 0, IFERROR((AD7-P7)/P7, IF(AD7<>0, 1, 0))) -> 0.10669123 | AF7: =IFERROR(_xlfn.RANK.EQ(AD7, $AD$2:$AD$450), "") -> 5
A8: POLO RALPH LAUREN | B8: Skytrend Co.Ltd | C8: 5727760 | D8: 16017580 | E8: 8306740 | F8: 837410 | G8: 7537330 | H8: 934160 | I8: 5762310 | J8: 6418550 | K8: 3716390 | L8: 0 | M8: 0 | N8: 0 | O8: 0 | P8: =SUM(C8:I8,K8) -> 48839680 | Q8: =SUM(C8:J8,L8:O8) -> 51541840 | S8: 797410 | T8: 0 | U8: 0 | V8: 0 | W8: 0 | X8: 0 | Y8: 0 | AD8: =SUM(R8:AC8) -> 797410 | AE8: =IF(OR(AD8="", P8=""), 0, IFERROR((AD8-P8)/P8, IF(AD8<>0, 1, 0))) -> -0.98367291 | AF8: =IFERROR(_xlfn.RANK.EQ(AD8, $AD$2:$AD$450), "") -> 165
A9: POLO RALPH LAUREN | B9: BONDEX TEXTILES LIMITED | C9: 7736960 | D9: 6277020 | E9: 5056030 | F9: 8112840 | G9: 8749440 | H9: 9041450 | I9: 13835760 | J9: 7241000 | K9: 5939260 | L9: 1605580 | M9: 75740 | N9: 41680 | O9: 143030 | P9: =SUM(C9:I9,K9) -> 64748760 | Q9: =SUM(C9:J9,L9:O9) -> 67916530 | T9: 40590 | U9: 30140 | V9: 42850 | W9: 0 | X9: 330440 | Y9: 97160 | AD9: =SUM(R9:AC9) -> 541180 | AE9: =IF(OR(AD9="", P9=""), 0, IFERROR((AD9-P9)/P9, IF(AD9<>0, 1, 0))) -> -0.99164185 | AF9: =IFERROR(_xlfn.RANK.EQ(AD9, $AD$2:$AD$450), "") -> 174
A10: POLO RALPH LAUREN | B10: HIGH HOPE AGLORY LTD | C10: 2690010 | D10: 318350 | E10: 4463330 | F10: 1212790 | G10: 26074630 | H10: 4413740 | I10: 4590860 | J10: 1235020 | K10: 1235020 | L10: 0 | M10: 238320 | N10: 376500 | O10: 29370 | P10: =SUM(C10:I10,K10) -> 44998730 | Q10: =SUM(C10:J10,L10:O10) -> 45642920 | S10: 2012520 | T10: 2708180 | U10: 8953010 | V10: 17660960 | W10: 6678400 | X10: 30630 | Y10: 0 | AD10: =SUM(R10:AC10) -> 38043700 | AE10: =IF(OR(AD10="", P10=""), 0, IFERROR((AD10-P10)/P10, IF(AD10<>0, 1, 0))) -> -0.15456058 | AF10: =IFERROR(_xlfn.RANK.EQ(AD10, $AD$2:$AD$450), "") -> 16
A11: POLO RALPH LAUREN | B11: KA TSUN INDUSTRIAL (INTERNATIONAL)COMPANY LTD | C11: 9894460 | D11: 2698600 | E11: 9367930 | F11: 1625890 | G11: 4286670 | H11: 2112980 | I11: 4560830 | J11: 3312730 | K11: 2540870 | L11: 1131100 | M11: 1608910 | N11: 1870790 | O11: 6708020 | P11: =SUM(C11:I11,K11) -> 37088230 | Q11: =SUM(C11:J11,L11:O11) -> 49178910 | R11: 5913800 | S11: 2117510 | T11: 8579520 | U11: 2343460 | V11: 782860 | W11: 4068150 | X11: 5974420 | Y11: 4202510 | AD11: =SUM(R11:AC11) -> 33982230 | AE11: =IF(OR(AD11="", P11=""), 0, IFERROR((AD11-P11)/P11, IF(AD11<>0, 1, 0))) -> -0.083746245 | AF11: =IFERROR(_xlfn.RANK.EQ(AD11, $AD$2:$AD$450), "") -> 19
A12: POLO RALPH LAUREN | B12: ZHANGJIAGANG JINLING TEXTILES CO | P12: =SUM(C12:I12,K12) -> 0 | Q12: =SUM(C12:J12,L12:O12) -> 0 | AD12: =SUM(R12:AC12) -> 0 | AE12: =IF(OR(AD12="", P12=""), 0, IFERROR((AD12-P12)/P12, IF(AD12<>0, 1, 0))) -> 0 | AF12: =IFERROR(_xlfn.RANK.EQ(AD12, $AD$2:$AD$450), "") -> 240
A13: POLO RALPH LAUREN | B13: Tin Fook Knitting Accessories Limited | C13: 7412860 | D13: 1527140 | E13: 11093560 | F13: 5265660 | G13: 2376770 | H13: 4932930 | I13: 1368940 | J13: 746370 | K13: 746370 | L13: 5959750 | M13: 3467570 | N13: 5281180 | O13: 10939740 | P13: =SUM(C13:I13,K13) -> 34724230 | Q13: =SUM(C13:J13,L13:O13) -> 60372470 | R13: 15987450 | S13: 1462920 | T13: 2033470 | U13: 6664210 | V13: 4915940 | W13: 2369020 | X13: 4875980 | Y13: 5025190 | AD13: =SUM(R13:AC13) -> 43334180 | AE13: =IF(OR(AD13="", P13=""), 0, IFERROR((AD13-P13)/P13, IF(AD13<>0, 1, 0))) -> 0.24795222 | AF13: =IFERROR(_xlfn.RANK.EQ(AD13, $AD$2:$AD$450), "") -> 14
A14: POLO RALPH LAUREN | B14: CHI HING ELASTIC WEAVING FTY LTD | C14: 5703430 | D14: 5815150 | E14: 5232380 | F14: 5495790 | G14: 3972650 | H14: 4942610 | I14: 5448920 | J14: 4821820 | K14: 4025400 | L14: 3928180 | M14: 2797150 | N14: 2048860 | O14: 8179030 | P14: =SUM(C14:I14,K14) -> 40636330 | Q14: =SUM(C14:J14,L14:O14) -> 58385970 | R14: 6985390 | S14: 1371150 | T14: 3476160 | U14: 5525200 | V14: 4203580 | W14: 6317620 | X14: 11468310 | Y14: 5368490 | AD14: =SUM(R14:AC14) -> 44715900 | AE14: =IF(OR(AD14="", P14=""), 0, IFERROR((AD14-P14)/P14, IF(AD14<>0, 1, 0))) -> 0.10039219 | AF14: =IFERROR(_xlfn.RANK.EQ(AD14, $AD$2:$AD$450), "") -> 12
A15: POLO RALPH LAUREN | B15: Bigger Textile Holdings Limited | C15: 4662880 | D15: 0 | E15: 6664850 | F15: 7658560 | G15: 3135920 | H15: 1533380 | I15: 4186050 | J15: 603640 | K15: 603640 | L15: 41680 | M15: 43090 | N15: 592330 | O15: 2976610 | P15: =SUM(C15:I15,K15) -> 28445280 | Q15: =SUM(C15:J15,L15:O15) -> 32098990 | R15: 8749800 | S15: 498530 | T15: 6056020 | U15: 5697690 | V15: 6465090 | W15: 3943320 | X15: 2782390 | Y15: 255360 | AD15: =SUM(R15:AC15) -> 34448200 | AE15: =IF(OR(AD15="", P15=""), 0, IFERROR((AD15-P15)/P15, IF(AD15<>0, 1, 0))) -> 0.21103396 | AF15: =IFERROR(_xlfn.RANK.EQ(AD15, $AD$2:$AD$450), "") -> 18
A16: POLO RALPH LAUREN | B16: TAKIHYO Co.,Ltd. | C16: 2167860 | D16: 3128030 | E16: 8026720 | F16: 4723620 | G16: 3019360 | H16: 6604870 | I16: 5806510 | J16: 2937530 | K16: 2631160 | L16: 6394470 | M16: 5435560 | N16: 6707020 | O16: 4743910 | P16: =SUM(C16:I16,K16) -> 36108130 | Q16: =SUM(C16:J16,L16:O16) -> 59695460 | R16: 3506430 | S16: 4767690 | T16: 3790660 | U16: 6345700 | V16: 6226300 | W16: 3496010 | X16: 11159740 | Y16: 6347860 | AD16: =SUM(R16:AC16) -> 45640390 | AE16: =IF(OR(AD16="", P16=""), 0, IFERROR((AD16-P16)/P16, IF(AD16<>0, 1, 0))) -> 0.26399207 | AF16: =IFERROR(_xlfn.RANK.EQ(AD16, $AD$2:$AD$450), "") -> 11
A17: POLO RALPH LAUREN | B17: COPEN UNITED LIMITED | C17: 6867400 | D17: 4005050 | E17: 2333850 | F17: 5050560 | G17: 2674990 | H17: 4303340 | I17: 2471290 | J17: 3787700 | K17: 3423250 | L17: 7057310 | M17: 2223340 | N17: 2382660 | O17: 3762160 | P17: =SUM(C17:I17,K17) -> 31129730 | Q17: =SUM(C17:J17,L17:O17) -> 46919650 | R17: 4657010 | S17: 2382180 | T17: 1541130 | U17: 2062170 | V17: 0 | W17: 0 | X17: 2610980 | Y17: 0 | AD17: =SUM(R17:AC17) -> 13253470 | AE17: =IF(OR(AD17="", P17=""), 0, IFERROR((AD17-P17)/P17, IF(AD17<>0, 1, 0))) -> -0.5742504 | AF17: =IFERROR(_xlfn.RANK.EQ(AD17, $AD$2:$AD$450), "") -> 40
A18: POLO RALPH LAUREN | B18: Unifield Textiles Limited | C18: 4211080 | D18: 4038840 | E18: 4800850 | F18: 3819470 | G18: 1867220 | H18: 1290690 | I18: 4237570 | J18: 1658060 | K18: 1309710 | L18: 3052420 | M18: 4948550 | N18: 1675580 | O18: 4476510 | P18: =SUM(C18:I18,K18) -> 25575430 | Q18: =SUM(C18:J18,L18:O18) -> 40076840 | R18: 6120670 | S18: 1769900 | T18: 4824520 | U18: 5099210 | V18: 2432350 | W18: 2722640 | X18: 3571190 | Y18: 4828150 | AD18: =SUM(R18:AC18) -> 31368630 | AE18: =IF(OR(AD18="", P18=""), 0, IFERROR((AD18-P18)/P18, IF(AD18<>0, 1, 0))) -> 0.22651428 | AF18: =IFERROR(_xlfn.RANK.EQ(AD18, $AD$2:$AD$450), "") -> 20
A19: POLO RALPH LAUREN | B19: Dongguan Yitao Textile Co Ltd | C19: 7876990 | D19: 216670 | E19: 3402360 | F19: 2836550 | G19: 3914960 | H19: ARANKNIT SRL | I19: 13834320 | J19: 3307010 | K19: 2999560 | L19: 5215390 | M19: 585990 | N19: 1450090 | O19: 3737500 | P19: =SUM(C19:I19,K19) -> 35081410 | Q19: =SUM(C19:J19,L19:O19) -> 46377830 | R19: 10371040 | S19: 3899220 | T19: 5511660 | U19: 2460440 | V19: 3121190 | W19: 12096310 | X19: 5399910 | Y19: 8511200 | AD19: =SUM(R19:AC19) -> 51370970 | AE19: =IF(OR(AD19="", P19=""), 0, IFERROR((AD19-P19)/P19, IF(AD19<>0, 1, 0))) -> 0.46433595 | AF19: =IFERROR(_xlfn.RANK.EQ(AD19, $AD$2:$AD$450), "") -> 9
A20: POLO RALPH LAUREN | B20: KWAN TAT INDUSTRIAL LTD | C20: 7214660 | D20: 1940510 | E20: 2775000 | F20: 1329480 | G20: 4687530 | H20: 7749540 | I20: 13830430 | J20: 3895760 | K20: 3743020 | L20: 1211250 | M20: 1039380 | N20: 4469700 | O20: 12281690 | P20: =SUM(C20:I20,K20) -> 43270170 | Q20: =SUM(C20:J20,L20:O20) -> 62424930 | R20: 3523490 | S20: 498160 | T20: 2874160 | U20: 547310 | V20: 744720 | W20: 5445400 | X20: 9795240 | Y20: 6366580 | AD20: =SUM(R20:AC20) -> 29795060 | AE20: =IF(OR(AD20="", P20=""), 0, IFERROR((AD20-P20)/P20, IF(AD20<>0, 1, 0))) -> -0.311418 | AF20: =IFERROR(_xlfn.RANK.EQ(AD20, $AD$2:$AD$450), "") -> 21
A21: POLO RALPH LAUREN | B21: PONIE SG PTE LTD. | C21: 9432920 | D21: 3452290 | E21: 981490 | F21: 335450 | G21: 594720 | H21: 0 | I21: 0 | J21: 1565540 | K21: 1565540 | L21: 0 | M21: 1144960 | N21: 0 | O21: 0 | P21: =SUM(C21:I21,K21) -> 16362410 | Q21: =SUM(C21:J21,L21:O21) -> 17507370 | AD21: =SUM(R21:AC21) -> 0 | AE21: =IF(OR(AD21="", P21=""), 0, IFERROR((AD21-P21)/P21, IF(AD21<>0, 1, 0))) -> -1 | AF21: =IFERROR(_xlfn.RANK.EQ(AD21, $AD$2:$AD$450), "") -> 240
A22: POLO RALPH LAUREN | B22: Highfashion(China) Co., Ltd | C22: 1522090 | D22: 1361120 | E22: 6349010 | F22: 5637650 | G22: 1623250 | H22: 2313570 | I22: 3575040 | J22: 3621870 | K22: 3538560 | L22: 5233310 | M22: 2022030 | N22: 934720 | O22: 1746360 | P22: =SUM(C22:I22,K22) -> 25920290 | Q22: =SUM(C22:J22,L22:O22) -> 35940020 | R22: 3716170 | S22: 955270 | T22: 1954360 | U22: 2387070 | V22: 955310 | W22: 407210 | X22: 4109220 | Y22: 1870990 | AD22: =SUM(R22:AC22) -> 16355600 | AE22: =IF(OR(AD22="", P22=""), 0, IFERROR((AD22-P22)/P22, IF(AD22<>0, 1, 0))) -> -0.36900397 | AF22: =IFERROR(_xlfn.RANK.EQ(AD22, $AD$2:$AD$450), "") -> 31
A23: POLO RALPH LAUREN | B23: TOB TEXTILE LIMITED | C23: 4137100 | D23: 1740080 | E23: 4289940 | F23: 1491560 | G23: 3559960 | H23: 3994720 | I23: 1425000 | J23: 1559210 | K23: 1559210 | L23: 2416320 | M23: 1029930 | N23: 4762040 | O23: 3689050 | P23: =SUM(C23:I23,K23) -> 22197570 | Q23: =SUM(C23:J23,L23:O23) -> 34094910 | R23: 3656070 | S23: 28910 | T23: 2346700 | U23: 1836080 | V23: 5629850 | W23: 1416470 | X23: 1394360 | Y23: 2305630 | AD23: =SUM(R23:AC23) -> 18614070 | AE23: =IF(OR(AD23="", P23=""), 0, IFERROR((AD23-P23)/P23, IF(AD23<>0, 1, 0))) -> -0.16143659 | AF23: =IFERROR(_xlfn.RANK.EQ(AD23, $AD$2:$AD$450), "") -> 28
A24: POLO RALPH LAUREN | B24: Jasmine Industrial Ltd | C24: 5855260 | D24: 2067000 | E24: 3249950 | F24: 1799350 | G24: 1536830 | H24: 1486470 | I24: 1740270 | J24: 1684350 | L24: 3067020 | M24: 1676630 | N24: 3062820 | O24: 1914670 | P24: =SUM(C24:I24,K24) -> 17735130 | Q24: =SUM(C24:J24,L24:O24) -> 29140620 | R24: 2093100 | S24: 3082150 | T24: 4375960 | AD24: =SUM(R24:AC24) -> 9551210 | AE24: =IF(OR(AD24="", P24=""), 0, IFERROR((AD24-P24)/P24, IF(AD24<>0, 1, 0))) -> -0.4614525 | AF24: =IFERROR(_xlfn.RANK.EQ(AD24, $AD$2:$AD$450), "") -> 52
A25: POLO RALPH LAUREN | B25: De Lenis Limited | C25: 5890010 | D25: 657210 | E25: 2343960 | F25: 2370700 | G25: 1879490 | H25: 2505020 | I25: 6270700 | J25: 1302820 | K25: 1150270 | L25: 6131210 | M25: 3594820 | N25: 1482480 | O25: 4985120 | P25: =SUM(C25:I25,K25) -> 23067360 | Q25: =SUM(C25:J25,L25:O25) -> 39413540 | R25: 6870820 | S25: 1925980 | T25: 1523310 | U25: 7874930 | V25: 4314850 | W25: 8231950 | X25: 22442580 | Y25: 6682650 | AD25: =SUM(R25:AC25) -> 59867070 | AE25: =IF(OR(AD25="", P25=""), 0, IFERROR((AD25-P25)/P25, IF(AD25<>0, 1, 0))) -> 1.5953152 | AF25: =IFERROR(_xlfn.RANK.EQ(AD25, $AD$2:$AD$450), "") -> 7
A26: POLO RALPH LAUREN | B26: Jiaxing Wanhong Textile CO.LTD | C26: 1831440 | D26: 811160 | E26: 4392520 | F26: 2197390 | G26: 3438870 | H26: 3905510 | I26: 2005150 | J26: 3112440 | K26: 3056800 | L26: 5346050 | M26: 2219340 | N26: 5782680 | O26: 4504960 | P26: =SUM(C26:I26,K26) -> 21638840 | Q26: =SUM(C26:J26,L26:O26) -> 39547510 | R26: 1533060 | S26: 382260 | T26: 4205340 | U26: 9272090 | V26: 5506550 | W26: 7580700 | X26: 2830800 | Y26: 5793690 | AD26: =SUM(R26:AC26) -> 37104490 | AE26: =IF(OR(AD26="", P26=""), 0, IFERROR((AD26-P26)/P26, IF(AD26<>0, 1, 0))) -> 0.71471715 | AF26: =IFERROR(_xlfn.RANK.EQ(AD26, $AD$2:$AD$450), "") -> 17
A27: POLO RALPH LAUREN | B27: TAT FUNG TEXTILE COMPANY LIMITED | C27: 1754710 | D27: 2333940 | E27: 2271820 | F27: 1931040 | G27: 3745280 | H27: 784950 | I27: 3561430 | J27: 4260750 | K27: 3903880 | L27: 1550740 | M27: 3047530 | N27: 1567990 | O27: 3082830 | P27: =SUM(C27:I27,K27) -> 20287050 | Q27: =SUM(C27:J27,L27:O27) -> 29893010 | R27: 1274330 | S27: 400060 | T27: 2976870 | U27: 1455950 | V27: 3658230 | W27: 3187370 | X27: 6752790 | Y27: 2567180 | AD27: =SUM(R27:AC27) -> 22272780 | AE27: =IF(OR(AD27="", P27=""), 0, IFERROR((AD27-P27)/P27, IF(AD27<>0, 1, 0))) -> 0.097881654 | AF27: =IFERROR(_xlfn.RANK.EQ(AD27, $AD$2:$AD$450), "") -> 26
A28: POLO RALPH LAUREN | B28: NANTONG FOREMOST GARMENT & ACCESSORIES CO LTD | D28: 0 | E28: 0 | F28: 10350090 | G28: 1236980 | H28: 688380 | I28: 0 | J28: 0 | K28: 0 | L28: 0 | M28: 1190800 | N28: 12064400 | O28: 29310 | P28: =SUM(C28:I28,K28) -> 12275450 | Q28: =SUM(C28:J28,L28:O28) -> 25559960 | U28: 21191310 | V28: 3159080 | W28: 60510 | X28: 0 | Y28: 0 | AD28: =SUM(R28:AC28) -> 24410900 | AE28: =IF(OR(AD28="", P28=""), 0, IFERROR((AD28-P28)/P28, IF(AD28<>0, 1, 0))) -> 0.98859512 | AF28: =IFERROR(_xlfn.RANK.EQ(AD28, $AD$2:$AD$450), "") -> 22
A29: POLO RALPH LAUREN | B29: MORITO SCOVILL HK CO. LTD | C29: 1334950 | D29: 1267480 | E29: 6483880 | F29: 1486670 | G29: 1052670 | H29: 927190 | I29: 1201570 | J29: 1405760 | K29: 1054000 | L29: 1020860 | M29: 2885170 | N29: 2377070 | O29: 0 | P29: =SUM(C29:I29,K29) -> 14808410 | Q29: =SUM(C29:J29,L29:O29) -> 21443270 | U29: 318010 | V29: 0 | W29: 0 | X29: 0 | Y29: 0 | AD29: =SUM(R29:AC29) -> 318010 | AE29: =IF(OR(AD29="", P29=""), 0, IFERROR((AD29-P29)/P29, IF(AD29<>0, 1, 0))) -> -0.97852504 | AF29: =IFERROR(_xlfn.RANK.EQ(AD29, $AD$2:$AD$450), "") -> 193
A30: POLO RALPH LAUREN | B30: 0 Mile Corp | C30: 1532540 | D30: 689700 | E30: 1938110 | F30: 2716170 | G30: 4397960 | H30: 2435910 | I30: 5346970 | J30: 1369310 | K30: 1232980 | L30: 146970 | M30: 1347630 | N30: 1459810 | O30: 7129350 | P30: =SUM(C30:I30,K30) -> 20290340 | Q30: =SUM(C30:J30,L30:O30) -> 30510430 | R30: 3884440 | S30: 2125770 | T30: 1622370 | U30: 8702980 | V30: 7947970 | W30: 1615700 | X30: 10647960 | Y30: 2161980 | AD30: =SUM(R30:AC30) -> 38709170 | AE30: =IF(OR(AD30="", P30=""), 0, IFERROR((AD30-P30)/P30, IF(AD30<>0, 1, 0))) -> 0.9077635 | AF30: =IFERROR(_xlfn.RANK.EQ(AD30, $AD$2:$AD$450), "") -> 15
A31: POLO RALPH LAUREN | B31: LMH FASHION LIMITED | C31: 3052390 | D31: 907840 | E31: 515360 | F31: 3394300 | G31: 2498380 | H31: 2033910 | I31: 2796360 | J31: 1198390 | L31: 752460 | M31: 1696360 | N31: 2066790 | O31: 2675960 | P31: =SUM(C31:I31,K31) -> 15198540 | Q31: =SUM(C31:J31,L31:O31) -> 23588500 | R31: 1423890 | S31: 29400 | AD31: =SUM(R31:AC31) -> 1453290 | AE31: =IF(OR(AD31="", P31=""), 0, IFERROR((AD31-P31)/P31, IF(AD31<>0, 1, 0))) -> -0.90437963 | AF31: =IFERROR(_xlfn.RANK.EQ(AD31, $AD$2:$AD$450), "") -> 134
A32: POLO RALPH LAUREN | B32: Sunline Sankei Yokohama (H.K) Co, Ltd | C32: 5317820 | D32: 871750 | E32: 2832260 | F32: 975720 | G32: 0 | H32: 0 | I32: 825200 | J32: 2527740 | K32: 2198650 | L32: 875300 | M32: 447260 | N32: 0 | O32: 1443930 | P32: =SUM(C32:I32,K32) -> 13021400 | Q32: =SUM(C32:J32,L32:O32) -> 16116980 | S32: 540750 | T32: 359770 | U32: 0 | V32: 1654460 | W32: 0 | X32: 0 | Y32: 421760 | AD32: =SUM(R32:AC32) -> 2976740 | AE32: =IF(OR(AD32="", P32=""), 0, IFERROR((AD32-P32)/P32, IF(AD32<>0, 1, 0))) -> -0.77139632 | AF32: =IFERROR(_xlfn.RANK.EQ(AD32, $AD$2:$AD$450), "") -> 111
A33: POLO RALPH LAUREN | B33: suzhou unitedtex enterprise ltd | C33: 1514850 | D33: 504280 | E33: 1957030 | F33: 5051680 | G33: 970600 | H33: 1873610 | I33: 1108390 | J33: 679750 | K33: 679750 | L33: 1811540 | M33: 390230 | N33: 1795630 | O33: 4695430 | P33: =SUM(C33:I33,K33) -> 13660190 | Q33: =SUM(C33:J33,L33:O33) -> 22353020 | R33: 2886970 | S33: 223580 | T33: 2358110 | U33: 1571060 | V33: 2940200 | W33: 4853610 | X33: 3567220 | Y33: 1219630 | AD33: =SUM(R33:AC33) -> 19620380 | AE33: =IF(OR(AD33="", P33=""), 0, IFERROR((AD33-P33)/P33, IF(AD33<>0, 1, 0))) -> 0.43631824 | AF33: =IFERROR(_xlfn.RANK.EQ(AD33, $AD$2:$AD$450), "") -> 27
A34: POLO RALPH LAUREN | B34: Shimada Shoji (H.K.) Limited | C34: 3558480 | D34: 233170 | E34: 1682860 | F34: 3421710 | G34: 587880 | H34: 1063320 | I34: 7106780 | J34: 4345750 | K34: 4008000 | L34: 1600570 | M34: 2111720 | N34: 6273400 | O34: 3466680 | P34: =SUM(C34:I34,K34) -> 21662200 | Q34: =SUM(C34:J34,L34:O34) -> 35452320 | R34: 1677300 | S34: 94810 | T34: 371400 | U34: 0 | V34: 2238810 | W34: 620760 | X34: 618990 | Y34: 2194990 | AD34: =SUM(R34:AC34) -> 7817060 | AE34: =IF(OR(AD34="", P34=""), 0, IFERROR((AD34-P34)/P34, IF(AD34<>0, 1, 0))) -> -0.63913822 | AF34: =IFERROR(_xlfn.RANK.EQ(AD34, $AD$2:$AD$450), "") -> 65
A35: POLO RALPH LAUREN | B35: BESTLINING LIMITED | C35: 5118130 | D35: 1415090 | E35: 2090870 | F35: 0 | G35: 0 | H35: 0 | I35: 0 | J35: 0 | K35: 0 | L35: 0 | M35: 0 | N35: 0 | O35: 0 | P35: =SUM(C35:I35,K35) -> 8624090 | Q35: =SUM(C35:J35,L35:O35) -> 8624090 | AD35: =SUM(R35:AC35) -> 0 | AE35: =IF(OR(AD35="", P35=""), 0, IFERROR((AD35-P35)/P35, IF(AD35<>0, 1, 0))) -> -1 | AF35: =IFERROR(_xlfn.RANK.EQ(AD35, $AD$2:$AD$450), "") -> 240
A36: POLO RALPH LAUREN | B36: Win Square International Ltd. | C36: 1326190 | D36: 814300 | E36: 1357600 | F36: 3236320 | G36: 1778170 | H36: 1025840 | I36: 4370230 | J36: 1859410 | K36: 1831500 | L36: 1873910 | M36: 1481810 | N36: 0 | O36: 1960060 | P36: =SUM(C36:I36,K36) -> 15740150 | Q36: =SUM(C36:J36,L36:O36) -> 21083840 | R36: 4812360 | S36: 364250 | T36: 1372770 | U36: 1624300 | V36: 867080 | W36: 322220 | X36: 326270 | Y36: 59840 | AD36: =SUM(R36:AC36) -> 9749090 | AE36: =IF(OR(AD36="", P36=""), 0, IFERROR((AD36-P36)/P36, IF(AD36<>0, 1, 0))) -> -0.3806228 | AF36: =IFERROR(_xlfn.RANK.EQ(AD36, $AD$2:$AD$450), "") -> 50
A37: POLO RALPH LAUREN | B37: changzhou richland international trade co.,ltd | C37: 113360 | D37: 398980 | E37: 3371690 | F37: 4357940 | G37: 33080 | H37: 0 | I37: 1584140 | J37: 0 | K37: 0 | L37: 0 | M37: 93680 | N37: 77820 | O37: 0 | P37: =SUM(C37:I37,K37) -> 9859190 | Q37: =SUM(C37:J37,L37:O37) -> 10030690 | R37: 1339230 | S37: 691050 | T37: 1199680 | U37: 2024780 | V37: 633050 | W37: 0 | X37: 0 | Y37: 0 | AD37: =SUM(R37:AC37) -> 5887790 | AE37: =IF(OR(AD37="", P37=""), 0, IFERROR((AD37-P37)/P37, IF(AD37<>0, 1, 0))) -> -0.402812 | AF37: =IFERROR(_xlfn.RANK.EQ(AD37, $AD$2:$AD$450), "") -> 73
A38: POLO RALPH LAUREN | B38: MEN-CHUEN FIBRE INDUSTRY CO.,LTD. | C38: 3216590 | D38: 248030 | E38: 1732910 | F38: 1710640 | G38: 1322530 | H38: 1026520 | I38: 3229670 | J38: 765060 | K38: 765060 | L38: 254870 | M38: 255140 | N38: 1464270 | O38: 5638360 | P38: =SUM(C38:I38,K38) -> 13251950 | Q38: =SUM(C38:J38,L38:O38) -> 20864590 | R38: 1759910 | S38: 262440 | T38: 1396410 | U38: 1521440 | V38: 4172460 | W38: 1242040 | X38: 395700 | Y38: 0 | AD38: =SUM(R38:AC38) -> 10750400 | AE38: =IF(OR(AD38="", P38=""), 0, IFERROR((AD38-P38)/P38, IF(AD38<>0, 1, 0))) -> -0.18876845 | AF38: =IFERROR(_xlfn.RANK.EQ(AD38, $AD$2:$AD$450), "") -> 47
A39: POLO RALPH LAUREN | B39: Huizhou Yide Textile Technology Co.,Ltd | C39: 2067160 | D39: 3783100 | E39: 1298680 | F39: 674160 | G39: 402050 | H39: 1429440 | I39: 2434870 | J39: 1140960 | K39: 1140960 | L39: 178260 | M39: 466110 | N39: 803540 | O39: 0 | P39: =SUM(C39:I39,K39) -> 13230420 | Q39: =SUM(C39:J39,L39:O39) -> 14678330 | R39: 607090 | T39: 337610 | U39: 0 | V39: 0 | W39: 2054080 | X39: 42270 | Y39: 733530 | AD39: =SUM(R39:AC39) -> 3774580 | AE39: =IF(OR(AD39="", P39=""), 0, IFERROR((AD39-P39)/P39, IF(AD39<>0, 1, 0))) -> -0.71470445 | AF39: =IFERROR(_xlfn.RANK.EQ(AD39, $AD$2:$AD$450), "") -> 96
A40: POLO RALPH LAUREN | B40: KEN YUAN KNITTING FACTORY LTD | C40: 918280 | D40: 0 | E40: 1960300 | F40: 2486510 | G40: 2863860 | H40: 54360 | I40: 2996210 | J40: 595710 | K40: 595710 | L40: 1074120 | M40: 571620 | N40: 61550 | O40: 4477380 | P40: =SUM(C40:I40,K40) -> 11875230 | Q40: =SUM(C40:J40,L40:O40) -> 18059900 | S40: 2217220 | T40: 2078600 | U40: 1888230 | V40: 807050 | W40: 484080 | X40: 111250 | Y40: 1111020 | AD40: =SUM(R40:AC40) -> 8697450 | AE40: =IF(OR(AD40="", P40=""), 0, IFERROR((AD40-P40)/P40, IF(AD40<>0, 1, 0))) -> -0.26759734 | AF40: =IFERROR(_xlfn.RANK.EQ(AD40, $AD$2:$AD$450), "") -> 59
A41: POLO RALPH LAUREN | B41: PLUS 39 LIMITED | C41: 1802740 | D41: 838510 | E41: 732080 | F41: 2047180 | G41: 2610260 | H41: 3022010 | I41: 2273820 | J41: 1566120 | K41: 1538350 | L41: 421520 | M41: 1307550 | N41: 1095820 | O41: 1745430 | P41: =SUM(C41:I41,K41) -> 14864950 | Q41: =SUM(C41:J41,L41:O41) -> 19463040 | R41: 765340 | S41: 940200 | T41: 1028080 | U41: 2159450 | V41: 2303100 | W41: 1160480 | X41: 517910 | Y41: 1681290 | AD41: =SUM(R41:AC41) -> 10555850 | AE41: =IF(OR(AD41="", P41=""), 0, IFERROR((AD41-P41)/P41, IF(AD41<>0, 1, 0))) -> -0.28988325 | AF41: =IFERROR(_xlfn.RANK.EQ(AD41, $AD$2:$AD$450), "") -> 48
A42: POLO RALPH LAUREN | B42: Ningbo Shenzhou Knitting Co Ltd | C42: 68730 | D42: 0 | E42: 528600 | F42: 7236390 | G42: 47340 | H42: 260200 | I42: 0 | J42: 0 | K42: 0 | L42: 0 | M42: 0 | N42: 0 | O42: 29440 | P42: =SUM(C42:I42,K42) -> 8141260 | Q42: =SUM(C42:J42,L42:O42) -> 8170700 | V42: 407220 | W42: 169660 | X42: 0 | Y42: 0 | AD42: =SUM(R42:AC42) -> 576880 | AE42: =IF(OR(AD42="", P42=""), 0, IFERROR((AD42-P42)/P42, IF(AD42<>0, 1, 0))) -> -0.92914119 | AF42: =IFERROR(_xlfn.RANK.EQ(AD42, $AD$2:$AD$450), "") -> 169
A43: POLO RALPH LAUREN | B43: suzhou jintong textile co., ltd. | C43: 927820 | D43: 786360 | E43: 2948370 | F43: 1486310 | G43: 1601320 | H43: 1141630 | I43: 1144460 | J43: 413380 | K43: 413380 | L43: 0 | M43: 0 | N43: 403330 | O43: 0 | P43: =SUM(C43:I43,K43) -> 10449650 | Q43: =SUM(C43:J43,L43:O43) -> 10852980 | AD43: =SUM(R43:AC43) -> 0 | AE43: =IF(OR(AD43="", P43=""), 0, IFERROR((AD43-P43)/P43, IF(AD43<>0, 1, 0))) -> -1 | AF43: =IFERROR(_xlfn.RANK.EQ(AD43, $AD$2:$AD$450), "") -> 240
A44: POLO RALPH LAUREN | B44: Joinfair International Ltd | C44: 2130050 | D44: 1348150 | E44: 1870180 | F44: 870050 | G44: 1198750 | H44: 106140 | I44: 0 | J44: 0 | K44: 0 | L44: 100540 | M44: 239350 | N44: 0 | O44: 28840 | P44: =SUM(C44:I44,K44) -> 7523320 | Q44: =SUM(C44:J44,L44:O44) -> 7892050 | T44: 276480 | U44: 69620 | V44: 68990 | W44: 0 | X44: 1221700 | Y44: 0 | AD44: =SUM(R44:AC44) -> 1636790 | AE44: =IF(OR(AD44="", P44=""), 0, IFERROR((AD44-P44)/P44, IF(AD44<>0, 1, 0))) -> -0.78243781 | AF44: =IFERROR(_xlfn.RANK.EQ(AD44, $AD$2:$AD$450), "") -> 128
A45: POLO RALPH LAUREN | B45: G.CLO INC. | C45: 2014150 | D45: 0 | E45: 2027210 | F45: 1841050 | G45: 1117970 | H45: 494250 | I45: 0 | J45: 0 | K45: 0 | L45: 103140 | M45: 474850 | N45: 520160 | O45: 4791030 | P45: =SUM(C45:I45,K45) -> 7494630 | Q45: =SUM(C45:J45,L45:O45) -> 13383810 | R45: 4691020 | S45: 229470 | T45: 88370 | U45: 3567790 | V45: 1851890 | W45: 30860 | X45: 2022080 | Y45: 979580 | AD45: =SUM(R45:AC45) -> 13461060 | AE45: =IF(OR(AD45="", P45=""), 0, IFERROR((AD45-P45)/P45, IF(AD45<>0, 1, 0))) -> 0.796094 | AF45: =IFERROR(_xlfn.RANK.EQ(AD45, $AD$2:$AD$450), "") -> 37
A46: POLO RALPH LAUREN | B46: United Berry | D46: 5888780 | E46: 0 | F46: 923510 | G46: 0 | H46: 0 | I46: 4533600 | J46: 0 | K46: 0 | L46: 1102950 | M46: 2326010 | N46: 0 | O46: 2715460 | P46: =SUM(C46:I46,K46) -> 11345890 | Q46: =SUM(C46:J46,L46:O46) -> 17490310 | R46: 3014680 | T46: 1182660 | U46: 0 | V46: 683230 | W46: 0 | X46: 4513420 | Y46: 0 | AD46: =SUM(R46:AC46) -> 9393990 | AE46: =IF(OR(AD46="", P46=""), 0, IFERROR((AD46-P46)/P46, IF(AD46<>0, 1, 0))) -> -0.17203586 | AF46: =IFERROR(_xlfn.RANK.EQ(AD46, $AD$2:$AD$450), "") -> 53
A47: POLO RALPH LAUREN | B47: HER MIN TEXTILE CO.LTD | D47: 656570 | E47: 395950 | F47: 2463500 | G47: 3234460 | H47: 554680 | I47: 1378100 | J47: 1181070 | K47: 1181070 | L47: 1857140 | M47: 364810 | N47: 794020 | O47: 6393030 | P47: =SUM(C47:I47,K47) -> 9864330 | Q47: =SUM(C47:J47,L47:O47) -> 19273330 | R47: 842750 | S47: 407780 | T47: 430530 | U47: 0 | V47: 0 | W47: 1134180 | X47: 0 | Y47: 424170 | AD47: =SUM(R47:AC47) -> 3239410 | AE47: =IF(OR(AD47="", P47=""), 0, IFERROR((AD47-P47)/P47, IF(AD47<>0, 1, 0))) -> -0.67160365 | AF47: =IFERROR(_xlfn.RANK.EQ(AD47, $AD$2:$AD$450), "") -> 105
A48: POLO RALPH LAUREN | B48: SBR WOVENS LLC | C48: 1026400 | D48: 1666750 | E48: 1184590 | F48: 1326610 | G48: 1222620 | H48: 2393950 | I48: 2037890 | J48: 1193880 | K48: 1193880 | L48: 412440 | M48: 1379390 | N48: 0 | O48: 1806900 | P48: =SUM(C48:I48,K48) -> 12052690 | Q48: =SUM(C48:J48,L48:O48) -> 15651420 | R48: 629010 | S48: 407780 | T48: 1423310 | U48: 932030 | V48: 490230 | W48: 1332630 | X48: 2181630 | Y48: 1163240 | AD48: =SUM(R48:AC48) -> 8559860 | AE48: =IF(OR(AD48="", P48=""), 0, IFERROR((AD48-P48)/P48, IF(AD48<>0, 1, 0))) -> -0.28979672 | AF48: =IFERROR(_xlfn.RANK.EQ(AD48, $AD$2:$AD$450), "") -> 60
A49: POLO RALPH LAUREN | B49: WUXI MUNENO GARMENT CO.,LTD | D49: 3843580 | E49: 1103850 | F49: 1243880 | G49: 0 | H49: 3629260 | I49: 337030 | J49: 0 | K49: 0 | L49: 0 | M49: 965920 | N49: 0 | O49: 86770 | P49: =SUM(C49:I49,K49) -> 10157600 | Q49: =SUM(C49:J49,L49:O49) -> 11210290 | S49: 29150 | T49: 0 | U49: 0 | V49: 1196030 | W49: 257170 | X49: 0 | Y49: 0 | AD49: =SUM(R49:AC49) -> 1482350 | AE49: =IF(OR(AD49="", P49=""), 0, IFERROR((AD49-P49)/P49, IF(AD49<>0, 1, 0))) -> -0.85406494 | AF49: =IFERROR(_xlfn.RANK.EQ(AD49, $AD$2:$AD$450), "") -> 132
A50: POLO RALPH LAUREN | B50: WOODLAND TEXTILES LIMITED | C50: 1646070 | D50: 417120 | E50: 1943410 | F50: 976680 | G50: 861450 | H50: 536430 | I50: 674820 | J50: 567600 | K50: 0 | L50: 55580 | M50: 1775650 | N50: 1177490 | O50: 2957530 | P50: =SUM(C50:I50,K50) -> 7055980 | Q50: =SUM(C50:J50,L50:O50) -> 13589830 | R50: 1179180 | S50: 319520 | T50: 286170 | U50: 1071150 | V50: 3128760 | W50: 1847970 | X50: 636230 | Y50: 436940 | AD50: =SUM(R50:AC50) -> 8905920 | AE50: =IF(OR(AD50="", P50=""), 0, IFERROR((AD50-P50)/P50, IF(AD50<>0, 1, 0))) -> 0.26218045 | AF50: =IFERROR(_xlfn.RANK.EQ(AD50, $AD$2:$AD$450), "") -> 56
A51: POLO RALPH LAUREN | B51: JECA LIMITED | C51: 2256430 | D51: 1103340 | E51: 1520190 | F51: 0 | G51: 887270 | H51: 503160 | I51: 998630 | J51: 0 | K51: 0 | L51: 0 | M51: 1640510 | N51: 0 | O51: 6630740 | P51: =SUM(C51:I51,K51) -> 7269020 | Q51: =SUM(C51:J51,L51:O51) -> 15540270 | R51: 3020230 | S51: 405080 | T51: 1817080 | U51: 2992010 | V51: 534050 | W51: 0 | X51: 0 | Y51: 0 | AD51: =SUM(R51:AC51) -> 8768450 | AE51: =IF(OR(AD51="", P51=""), 0, IFERROR((AD51-P51)/P51, IF(AD51<>0, 1, 0))) -> 0.20627677 | AF51: =IFERROR(_xlfn.RANK.EQ(AD51, $AD$2:$AD$450), "") -> 58
A52: POLO RALPH LAUREN | B52: PT Popular Daenong Indonesia | C52: 1082100 | D52: 0 | E52: 0 | F52: 1574660 | G52: 3119200 | H52: 0 | I52: 3538550 | J52: 2109250 | K52: 2109250 | L52: 5395830 | M52: 1212540 | N52: 1765310 | O52: 522780 | P52: =SUM(C52:I52,K52) -> 11423760 | Q52: =SUM(C52:J52,L52:O52) -> 20320220 | R52: 3246200 | S52: 4211310 | T52: 3557000 | U52: 1355640 | V52: 2178440 | W52: 1868360 | X52: 2473460 | Y52: 3426200 | AD52: =SUM(R52:AC52) -> 22316610 | AE52: =IF(OR(AD52="", P52=""), 0, IFERROR((AD52-P52)/P52, IF(AD52<>0, 1, 0))) -> 0.95352581 | AF52: =IFERROR(_xlfn.RANK.EQ(AD52, $AD$2:$AD$450), "") -> 25
A53: POLO RALPH LAUREN | B53: MEGA (HONG KONG) LIMITED | C53: 1106740 | D53: 1018880 | E53: 800390 | F53: 1934100 | G53: 889860 | H53: 382210 | I53: 1024490 | J53: 886500 | K53: 379010 | L53: 1294030 | M53: 235380 | N53: 485740 | O53: 1600330 | P53: =SUM(C53:I53,K53) -> 7535680 | Q53: =SUM(C53:J53,L53:O53) -> 11658650 | R53: 1595760 | S53: 402840 | T53: 2059960 | U53: 2005280 | V53: 1730110 | W53: 2640590 | X53: 1078590 | Y53: 1867260 | AD53: =SUM(R53:AC53) -> 13380390 | AE53: =IF(OR(AD53="", P53=""), 0, IFERROR((AD53-P53)/P53, IF(AD53<>0, 1, 0))) -> 0.77560486 | AF53: =IFERROR(_xlfn.RANK.EQ(AD53, $AD$2:$AD$450), "") -> 39
A54: POLO RALPH LAUREN | B54: LAI TAK ENTERPRISES LTD | C54: 2621190 | D54: 747030 | E54: 1591140 | F54: 0 | G54: 725330 | H54: 2868570 | I54: 1665300 | J54: 1938030 | K54: 1938030 | L54: 2038530 | M54: 2413300 | N54: 2392510 | O54: 3385390 | P54: =SUM(C54:I54,K54) -> 12156590 | Q54: =SUM(C54:J54,L54:O54) -> 22386320 | R54: 2563090 | T54: 1285010 | U54: 351630 | V54: 1379070 | W54: 4254050 | X54: 2416310 | Y54: 1938240 | AD54: =SUM(R54:AC54) -> 14187400 | AE54: =IF(OR(AD54="", P54=""), 0, IFERROR((AD54-P54)/P54, IF(AD54<>0, 1, 0))) -> 0.16705425 | AF54: =IFERROR(_xlfn.RANK.EQ(AD54, $AD$2:$AD$450), "") -> 34
A55: POLO RALPH LAUREN | B55: WINCYC GROUP LTD | C55: 2970000 | D55: 1561870 | E55: 925000 | F55: 0 | G55: 0 | H55: 0 | I55: 0 | J55: 0 | K55: 0 | L55: 425800 | M55: 448860 | N55: 119900 | O55: 0 | P55: =SUM(C55:I55,K55) -> 5456870 | Q55: =SUM(C55:J55,L55:O55) -> 6451430 | AD55: =SUM(R55:AC55) -> 0 | AE55: =IF(OR(AD55="", P55=""), 0, IFERROR((AD55-P55)/P55, IF(AD55<>0, 1, 0))) -> -1 | AF55: =IFERROR(_xlfn.RANK.EQ(AD55, $AD$2:$AD$450), "") -> 240
A56: POLO RALPH LAUREN | B56: CHH AMERICA, INC. | D56: 723780 | E56: 0 | F56: 2048140 | G56: 3277310 | H56: 5067510 | I56: 2685160 | J56: 1083050 | K56: 1083050 | L56: 356890 | M56: 1153590 | N56: 2884100 | O56: 5022850 | P56: =SUM(C56:I56,K56) -> 14884950 | Q56: =SUM(C56:J56,L56:O56) -> 24302380 | R56: 5023250 | S56: 2456290 | T56: 2239420 | U56: 633910 | V56: 1838760 | W56: 2704460 | X56: 6012540 | Y56: 3207100 | AD56: =SUM(R56:AC56) -> 24115730 | AE56: =IF(OR(AD56="", P56=""), 0, IFERROR((AD56-P56)/P56, IF(AD56<>0, 1, 0))) -> 0.62014182 | AF56: =IFERROR(_xlfn.RANK.EQ(AD56, $AD$2:$AD$450), "") -> 24
A57: POLO RALPH LAUREN | B57: POLO RALPH LAUREN CORPORATION | C57: 1479400 | D57: 468770 | E57: 2627440 | F57: 0 | G57: 481910 | H57: 0 | I57: 0 | J57: 0 | K57: 0 | L57: 1470090 | M57: 0 | N57: 0 | O57: 0 | P57: =SUM(C57:I57,K57) -> 5057520 | Q57: =SUM(C57:J57,L57:O57) -> 6527610 | AD57: =SUM(R57:AC57) -> 0 | AE57: =IF(OR(AD57="", P57=""), 0, IFERROR((AD57-P57)/P57, IF(AD57<>0, 1, 0))) -> -1 | AF57: =IFERROR(_xlfn.RANK.EQ(AD57, $AD$2:$AD$450), "") -> 240
A58: POLO RALPH LAUREN | B58: CHINATEXTILES(SHENZHEN)CO.,LTD | C58: 1737090 | G58: 414590 | P58: =SUM(C58:I58,K58) -> 2151680 | Q58: =SUM(C58:J58,L58:O58) -> 2151680 | AD58: =SUM(R58:AC58) -> 0 | AE58: =IF(OR(AD58="", P58=""), 0, IFERROR((AD58-P58)/P58, IF(AD58<>0, 1, 0))) -> -1 | AF58: =IFERROR(_xlfn.RANK.EQ(AD58, $AD$2:$AD$450), "") -> 240
A59: POLO RALPH LAUREN | B59: Changzhou Mido Textile Co.Ltd. | C59: 832370 | D59: 0 | E59: 0 | F59: 725390 | G59: 3239460 | H59: 6127980 | I59: 1556250 | J59: 2298000 | K59: 2298000 | L59: 1120160 | M59: 2148010 | N59: 10998310 | O59: 2701850 | P59: =SUM(C59:I59,K59) -> 14779450 | Q59: =SUM(C59:J59,L59:O59) -> 31747780 | R59: 101510 | S59: 1955540 | T59: 1110720 | U59: 151100 | V59: 426990 | W59: 0 | X59: 43960 | Y59: 236530 | AD59: =SUM(R59:AC59) -> 4026350 | AE59: =IF(OR(AD59="", P59=""), 0, IFERROR((AD59-P59)/P59, IF(AD59<>0, 1, 0))) -> -0.72757105 | AF59: =IFERROR(_xlfn.RANK.EQ(AD59, $AD$2:$AD$450), "") -> 91
A60: POLO RALPH LAUREN | B60: YOUNGONE CORPORATION | D60: 0 | E60: 0 | F60: 716410 | G60: 3869520 | H60: 2161020 | I60: 419650 | J60: 594550 | K60: 0 | L60: 630830 | M60: 1990340 | N60: 2332010 | O60: 208150 | P60: =SUM(C60:I60,K60) -> 7166600 | Q60: =SUM(C60:J60,L60:O60) -> 12922480 | R60: 205650 | S60: 206930 | T60: 499390 | U60: 0 | V60: 1527780 | W60: 548620 | X60: 219870 | Y60: 196040 | AD60: =SUM(R60:AC60) -> 3404280 | AE60: =IF(OR(AD60="", P60=""), 0, IFERROR((AD60-P60)/P60, IF(AD60<>0, 1, 0))) -> -0.52497977 | AF60: =IFERROR(_xlfn.RANK.EQ(AD60, $AD$2:$AD$450), "") -> 102
A61: POLO RALPH LAUREN | B61: MILLIONFULL COMPANY LIMITED | C61: 526880 | D61: 69160 | E61: 0 | F61: 3402370 | G61: 419090 | H61: 1204380 | I61: 1323720 | J61: 1544340 | K61: 750010 | L61: 416070 | M61: 816140 | N61: 3471050 | O61: 893050 | P61: =SUM(C61:I61,K61) -> 7695610 | Q61: =SUM(C61:J61,L61:O61) -> 14086250 | R61: 957250 | T61: 421410 | U61: 416270 | V61: 29410 | W61: 3798950 | X61: 3332200 | Y61: 967110 | AD61: =SUM(R61:AC61) -> 9922600 | AE61: =IF(OR(AD61="", P61=""), 0, IFERROR((AD61-P61)/P61, IF(AD61<>0, 1, 0))) -> 0.28938447 | AF61: =IFERROR(_xlfn.RANK.EQ(AD61, $AD$2:$AD$450), "") -> 49
A62: POLO RALPH LAUREN | B62: TESSILECHITI S.R.L. | D62: 0 | E62: 2041920 | F62: 1695010 | G62: 707070 | H62: 3965600 | I62: 2487530 | J62: 0 | K62: 0 | L62: 0 | M62: 0 | N62: 0 | O62: 0 | P62: =SUM(C62:I62,K62) -> 10897130 | Q62: =SUM(C62:J62,L62:O62) -> 10897130 | U62: 2632550 | V62: 1928460 | W62: 5270680 | X62: 3191210 | Y62: 1305490 | AD62: =SUM(R62:AC62) -> 14328390 | AE62: =IF(OR(AD62="", P62=""), 0, IFERROR((AD62-P62)/P62, IF(AD62<>0, 1, 0))) -> 0.3148774 | AF62: =IFERROR(_xlfn.RANK.EQ(AD62, $AD$2:$AD$450), "") -> 33
A63: POLO RALPH LAUREN | B63: ARCH TEXTILES MANUFACTURE CORP | C63: 968830 | D63: 0 | E63: 132820 | F63: 1336290 | G63: 1781270 | H63: 0 | I63: 1685300 | J63: 521600 | K63: 521600 | L63: 0 | M63: 0 | N63: 0 | O63: 2078690 | P63: =SUM(C63:I63,K63) -> 6426110 | Q63: =SUM(C63:J63,L63:O63) -> 8504800 | S63: 1190050 | T63: 41990 | U63: 581770 | V63: 1381610 | W63: 0 | X63: 0 | Y63: 0 | AD63: =SUM(R63:AC63) -> 3195420 | AE63: =IF(OR(AD63="", P63=""), 0, IFERROR((AD63-P63)/P63, IF(AD63<>0, 1, 0))) -> -0.50274427 | AF63: =IFERROR(_xlfn.RANK.EQ(AD63, $AD$2:$AD$450), "") -> 107
A64: POLO RALPH LAUREN | B64: LUCENT TEXTILE CO LTD | C64: 595830 | D64: 80280 | E64: 316250 | F64: 600720 | G64: 2691580 | H64: 1592320 | I64: 1539610 | J64: 2508020 | K64: 2508020 | L64: 7205890 | M64: 2548960 | N64: 2029020 | O64: 0 | P64: =SUM(C64:I64,K64) -> 9924610 | Q64: =SUM(C64:J64,L64:O64) -> 21708480 | AD64: =SUM(R64:AC64) -> 0 | AE64: =IF(OR(AD64="", P64=""), 0, IFERROR((AD64-P64)/P64, IF(AD64<>0, 1, 0))) -> -1 | AF64: =IFERROR(_xlfn.RANK.EQ(AD64, $AD$2:$AD$450), "") -> 240
A65: POLO RALPH LAUREN | B65: CHING FUNG APPAREL ACCESSORIES CO LTD | C65: 962070 | D65: 934640 | E65: 1088400 | F65: 0 | G65: 846970 | H65: 147890 | I65: 1242180 | J65: 1443210 | K65: 1443210 | L65: 1241110 | M65: 3011120 | N65: 727870 | O65: 319360 | P65: =SUM(C65:I65,K65) -> 6665360 | Q65: =SUM(C65:J65,L65:O65) -> 11964820 | R65: 781730 | S65: 314140 | T65: 1830270 | U65: 1057620 | V65: 96620 | W65: -66890 | X65: 1146660 | Y65: 272650 | AD65: =SUM(R65:AC65) -> 5432800 | AE65: =IF(OR(AD65="", P65=""), 0, IFERROR((AD65-P65)/P65, IF(AD65<>0, 1, 0))) -> -0.18492024 | AF65: =IFERROR(_xlfn.RANK.EQ(AD65, $AD$2:$AD$450), "") -> 78
A66: POLO RALPH LAUREN | B66: THE ECHO DESIGN GROUP INC | C66: 29090 | D66: 0 | E66: 3484890 | F66: 252640 | G66: 0 | H66: 0 | I66: 0 | J66: 0 | K66: 0 | L66: 0 | M66: 0 | N66: 0 | O66: 0 | P66: =SUM(C66:I66,K66) -> 3766620 | Q66: =SUM(C66:J66,L66:O66) -> 3766620 | S66: 29080 | T66: 0 | U66: 0 | V66: 0 | W66: 0 | X66: 0 | Y66: 0 | AD66: =SUM(R66:AC66) -> 29080 | AE66: =IF(OR(AD66="", P66=""), 0, IFERROR((AD66-P66)/P66, IF(AD66<>0, 1, 0))) -> -0.99227955 | AF66: =IFERROR(_xlfn.RANK.EQ(AD66, $AD$2:$AD$450), "") -> 236
A67: POLO RALPH LAUREN | B67: DIVONU INT.LTD | C67: 303210 | D67: 147210 | E67: 2123480 | F67: 718190 | G67: 303020 | H67: 356950 | I67: 480990 | J67: 0 | K67: 0 | L67: 358070 | M67: 0 | N67: 0 | O67: 0 | P67: =SUM(C67:I67,K67) -> 4433050 | Q67: =SUM(C67:J67,L67:O67) -> 4791120 | R67: 1537480 | T67: 2264420 | U67: 1019370 | V67: 429260 | W67: 0 | X67: 158820 | Y67: 53250 | AD67: =SUM(R67:AC67) -> 5462600 | AE67: =IF(OR(AD67="", P67=""), 0, IFERROR((AD67-P67)/P67, IF(AD67<>0, 1, 0))) -> 0.23224417 | AF67: =IFERROR(_xlfn.RANK.EQ(AD67, $AD$2:$AD$450), "") -> 76
A68: POLO RALPH LAUREN | B68: FORMOSA TAFFETA CO., LTD | P68: =SUM(C68:I68,K68) -> 0 | Q68: =SUM(C68:J68,L68:O68) -> 0 | AD68: =SUM(R68:AC68) -> 0 | AE68: =IF(OR(AD68="", P68=""), 0, IFERROR((AD68-P68)/P68, IF(AD68<>0, 1, 0))) -> 0 | AF68: =IFERROR(_xlfn.RANK.EQ(AD68, $AD$2:$AD$450), "") -> 240
A69: POLO RALPH LAUREN | B69: SINGTEX INDUSTRIAL CO LTD | C69: 872740 | D69: 2261570 | E69: 0 | F69: 0 | G69: 0 | H69: 3681770 | I69: 888720 | J69: 0 | K69: 0 | L69: 0 | M69: 0 | N69: 3794860 | O69: 0 | P69: =SUM(C69:I69,K69) -> 7704800 | Q69: =SUM(C69:J69,L69:O69) -> 11499660 | S69: 910250 | T69: 466600 | U69: 0 | V69: 0 | W69: 0 | X69: 0 | Y69: 0 | AD69: =SUM(R69:AC69) -> 1376850 | AE69: =IF(OR(AD69="", P69=""), 0, IFERROR((AD69-P69)/P69, IF(AD69<>0, 1, 0))) -> -0.82129971 | AF69: =IFERROR(_xlfn.RANK.EQ(AD69, $AD$2:$AD$450), "") -> 140
A70: POLO RALPH LAUREN | B70: Medike Landes HK Ltd | C70: 720580 | D70: 0 | E70: 678300 | F70: 778480 | G70: 927690 | H70: 617580 | I70: 3909840 | J70: 971950 | K70: 971950 | L70: 0 | M70: 330970 | N70: 0 | O70: 1723600 | P70: =SUM(C70:I70,K70) -> 8604420 | Q70: =SUM(C70:J70,L70:O70) -> 10658990 | R70: 2544820 | S70: 982990 | T70: 0 | U70: 702620 | V70: 294680 | W70: 2119670 | X70: 351150 | Y70: 0 | AD70: =SUM(R70:AC70) -> 6995930 | AE70: =IF(OR(AD70="", P70=""), 0, IFERROR((AD70-P70)/P70, IF(AD70<>0, 1, 0))) -> -0.18693764 | AF70: =IFERROR(_xlfn.RANK.EQ(AD70, $AD$2:$AD$450), "") -> 67
A71: POLO RALPH LAUREN | B71: Hong Kong Rise Sun(Vietnam)Textile Co.Ltd | C71: 65510 | D71: 693780 | E71: 1897060 | F71: 0 | G71: 373610 | H71: 0 | I71: 656820 | J71: 748040 | K71: 748040 | L71: 1379090 | M71: 1275960 | N71: 0 | O71: 893870 | P71: =SUM(C71:I71,K71) -> 4434820 | Q71: =SUM(C71:J71,L71:O71) -> 7983740 | R71: 1218320 | S71: 843320 | T71: 1241510 | U71: 4112670 | V71: 2129090 | W71: 0 | X71: 76980 | Y71: 0 | AD71: =SUM(R71:AC71) -> 9621890 | AE71: =IF(OR(AD71="", P71=""), 0, IFERROR((AD71-P71)/P71, IF(AD71<>0, 1, 0))) -> 1.1696236 | AF71: =IFERROR(_xlfn.RANK.EQ(AD71, $AD$2:$AD$450), "") -> 51
A72: POLO RALPH LAUREN | B72: UNITO INTERNATIONAL CO LTD | C72: 1075810 | D72: 0 | E72: 711380 | F72: 841460 | G72: 396540 | H72: 0 | I72: 0 | J72: 0 | K72: 0 | L72: 0 | M72: 0 | N72: 0 | O72: 1732430 | P72: =SUM(C72:I72,K72) -> 3025190 | Q72: =SUM(C72:J72,L72:O72) -> 4757620 | R72: 885630 | T72: 0 | U72: 29460 | V72: 694930 | W72: 0 | X72: 435140 | Y72: 0 | AD72: =SUM(R72:AC72) -> 2045160 | AE72: =IF(OR(AD72="", P72=""), 0, IFERROR((AD72-P72)/P72, IF(AD72<>0, 1, 0))) -> -0.32395651 | AF72: =IFERROR(_xlfn.RANK.EQ(AD72, $AD$2:$AD$450), "") -> 122
A73: POLO RALPH LAUREN | B73: Wellknit Trading Limited | D73: 380390 | E73: 0 | F73: 387170 | G73: 4404230 | H73: 27120 | I73: 1839130 | J73: 1855250 | K73: 1451090 | L73: 6688610 | M73: 2625150 | N73: 1486960 | O73: 1556690 | P73: =SUM(C73:I73,K73) -> 8489130 | Q73: =SUM(C73:J73,L73:O73) -> 21250700 | R73: 5251950 | S73: 57960 | T73: 1140550 | U73: 737000 | V73: 3813510 | W73: 874190 | X73: 1599720 | Y73: 1900310 | AD73: =SUM(R73:AC73) -> 15375190 | AE73: =IF(OR(AD73="", P73=""), 0, IFERROR((AD73-P73)/P73, IF(AD73<>0, 1, 0))) -> 0.81116204 | AF73: =IFERROR(_xlfn.RANK.EQ(AD73, $AD$2:$AD$450), "") -> 32
A74: POLO RALPH LAUREN | B74: United Weavers SL | C74: 644590 | D74: 98420 | E74: 1668850 | F74: 553820 | G74: 48790 | H74: 0 | I74: 496650 | J74: 806240 | K74: 806240 | L74: 644000 | M74: 1273240 | N74: 452820 | O74: 1022390 | P74: =SUM(C74:I74,K74) -> 4317360 | Q74: =SUM(C74:J74,L74:O74) -> 7709810 | S74: 1160600 | T74: 0 | U74: 510970 | V74: 1506830 | W74: 1524750 | X74: 1894760 | Y74: 1837590 | AD74: =SUM(R74:AC74) -> 8435500 | AE74: =IF(OR(AD74="", P74=""), 0, IFERROR((AD74-P74)/P74, IF(AD74<>0, 1, 0))) -> 0.95385606 | AF74: =IFERROR(_xlfn.RANK.EQ(AD74, $AD$2:$AD$450), "") -> 63
A75: POLO RALPH LAUREN | B75: BRIGHT CONCEPT ENTERPRISES LTD | C75: 709920 | D75: 1969490 | E75: 108470 | F75: 0 | G75: 0 | H75: 2478770 | I75: 27360 | J75: 0 | K75: 0 | L75: 476540 | M75: 1273280 | N75: 1263610 | O75: 571910 | P75: =SUM(C75:I75,K75) -> 5294010 | Q75: =SUM(C75:J75,L75:O75) -> 8879350 | R75: 564440 | S75: 650810 | T75: 0 | U75: 797980 | V75: 825870 | W75: 30860 | X75: 590710 | Y75: 556200 | AD75: =SUM(R75:AC75) -> 4016870 | AE75: =IF(OR(AD75="", P75=""), 0, IFERROR((AD75-P75)/P75, IF(AD75<>0, 1, 0))) -> -0.24124246 | AF75: =IFERROR(_xlfn.RANK.EQ(AD75, $AD$2:$AD$450), "") -> 92
A76: POLO RALPH LAUREN | B76: Jiangsu Pinytex Textile Dyeing & | C76: 2175940 | D76: 288250 | E76: 0 | F76: 318080 | G76: 0 | H76: 1058080 | I76: 598560 | J76: 0 | K76: 0 | L76: 304300 | M76: 1241440 | N76: 319410 | O76: 947580 | P76: =SUM(C76:I76,K76) -> 4438910 | Q76: =SUM(C76:J76,L76:O76) -> 7251640 | T76: 1012780 | U76: 0 | V76: 436380 | W76: 0 | X76: 0 | Y76: 0 | AD76: =SUM(R76:AC76) -> 1449160 | AE76: =IF(OR(AD76="", P76=""), 0, IFERROR((AD76-P76)/P76, IF(AD76<>0, 1, 0))) -> -0.67353247 | AF76: =IFERROR(_xlfn.RANK.EQ(AD76, $AD$2:$AD$450), "") -> 135
A77: POLO RALPH LAUREN | B77: Avery Dennison HongKong B.V | C77: 134570 | D77: 529400 | E77: 1377580 | F77: 760750 | G77: 0 | H77: 455550 | I77: 272970 | J77: 42940 | K77: 42940 | L77: 1565070 | M77: 672060 | N77: 392560 | O77: 4191360 | P77: =SUM(C77:I77,K77) -> 3573760 | Q77: =SUM(C77:J77,L77:O77) -> 10394810 | R77: 3739190 | S77: 320960 | T77: 491500 | U77: 0 | V77: 0 | W77: 0 | X77: 596140 | Y77: 0 | AD77: =SUM(R77:AC77) -> 5147790 | AE77: =IF(OR(AD77="", P77=""), 0, IFERROR((AD77-P77)/P77, IF(AD77<>0, 1, 0))) -> 0.44044088 | AF77: =IFERROR(_xlfn.RANK.EQ(AD77, $AD$2:$AD$450), "") -> 81
A78: POLO RALPH LAUREN | B78: WHL Sourcing & Manufacturing Ltd | D78: 0 | E78: 1315630 | F78: 1206130 | G78: 0 | H78: 425640 | I78: 0 | J78: 0 | K78: 0 | L78: 10853260 | M78: 7335300 | N78: 11564330 | O78: 167000 | P78: =SUM(C78:I78,K78) -> 2947400 | Q78: =SUM(C78:J78,L78:O78) -> 32867290 | AD78: =SUM(R78:AC78) -> 0 | AE78: =IF(OR(AD78="", P78=""), 0, IFERROR((AD78-P78)/P78, IF(AD78<>0, 1, 0))) -> -1 | AF78: =IFERROR(_xlfn.RANK.EQ(AD78, $AD$2:$AD$450), "") -> 240
A79: POLO RALPH LAUREN | B79: Shengzhou Jialan Garments And Apparel Co .,LTD | D79: 0 | E79: 403770 | F79: 1741030 | G79: 478210 | H79: 27510 | I79: 0 | J79: 0 | K79: 0 | L79: 0 | M79: 752840 | N79: 57610 | O79: 0 | P79: =SUM(C79:I79,K79) -> 2650520 | Q79: =SUM(C79:J79,L79:O79) -> 3460970 | T79: 895430 | U79: 236350 | V79: 1316190 | W79: 30570 | X79: 0 | Y79: 0 | AD79: =SUM(R79:AC79) -> 2478540 | AE79: =IF(OR(AD79="", P79=""), 0, IFERROR((AD79-P79)/P79, IF(AD79<>0, 1, 0))) -> -0.064885381 | AF79: =IFERROR(_xlfn.RANK.EQ(AD79, $AD$2:$AD$450), "") -> 115
A80: POLO RALPH LAUREN | B80: NEW FOCUS TEXTILES LIMITED | C80: 1305450 | D80: 0 | E80: 1220890 | F80: 0 | G80: 0 | H80: 1296840 | I80: 0 | J80: 0 | K80: 0 | L80: 689680 | M80: 0 | N80: 315450 | O80: 1270580 | P80: =SUM(C80:I80,K80) -> 3823180 | Q80: =SUM(C80:J80,L80:O80) -> 6098890 | U80: 800030 | V80: 785230 | W80: 734580 | X80: 1080270 | Y80: 497600 | AD80: =SUM(R80:AC80) -> 3897710 | AE80: =IF(OR(AD80="", P80=""), 0, IFERROR((AD80-P80)/P80, IF(AD80<>0, 1, 0))) -> 0.019494243 | AF80: =IFERROR(_xlfn.RANK.EQ(AD80, $AD$2:$AD$450), "") -> 94
A81: POLO RALPH LAUREN | B81: FUKUDA GLOVES CO., LTD | D81: 0 | E81: 0 | F81: 0 | G81: 2866070 | H81: 747210 | I81: 503650 | J81: 0 | K81: 0 | L81: 0 | M81: 0 | N81: 0 | O81: 0 | P81: =SUM(C81:I81,K81) -> 4116930 | Q81: =SUM(C81:J81,L81:O81) -> 4116930 | W81: 3306640 | X81: 0 | Y81: 0 | AD81: =SUM(R81:AC81) -> 3306640 | AE81: =IF(OR(AD81="", P81=""), 0, IFERROR((AD81-P81)/P81, IF(AD81<>0, 1, 0))) -> -0.19681899 | AF81: =IFERROR(_xlfn.RANK.EQ(AD81, $AD$2:$AD$450), "") -> 104
A82: POLO RALPH LAUREN | B82: Nanjing Hg Nice Gain Fabric Co Ltd | C82: 1162290 | D82: 441590 | E82: 351670 | F82: 372720 | G82: 0 | H82: 0 | I82: 0 | J82: 0 | K82: 0 | L82: 0 | M82: 0 | N82: 0 | O82: 0 | P82: =SUM(C82:I82,K82) -> 2328270 | Q82: =SUM(C82:J82,L82:O82) -> 2328270 | S82: 518360 | T82: 0 | U82: 0 | V82: 0 | W82: 0 | X82: 0 | Y82: 0 | AD82: =SUM(R82:AC82) -> 518360 | AE82: =IF(OR(AD82="", P82=""), 0, IFERROR((AD82-P82)/P82, IF(AD82<>0, 1, 0))) -> -0.77736259 | AF82: =IFERROR(_xlfn.RANK.EQ(AD82, $AD$2:$AD$450), "") -> 176
A83: POLO RALPH LAUREN | B83: Jiangmen Weimei Elastic Fabric Co Ltd | C83: 448840 | D83: 94420 | E83: 101600 | F83: 0 | G83: 1659880 | H83: 3077100 | I83: 2945320 | J83: 1084590 | K83: 1084590 | L83: 1015290 | M83: 0 | N83: 0 | O83: 0 | P83: =SUM(C83:I83,K83) -> 9411750 | Q83: =SUM(C83:J83,L83:O83) -> 10427040 | AD83: =SUM(R83:AC83) -> 0 | AE83: =IF(OR(AD83="", P83=""), 0, IFERROR((AD83-P83)/P83, IF(AD83<>0, 1, 0))) -> -1 | AF83: =IFERROR(_xlfn.RANK.EQ(AD83, $AD$2:$AD$450), "") -> 240
A84: POLO RALPH LAUREN | B84: SPRINGTEX LIMITED | D84: 0 | E84: 1332070 | F84: 0 | G84: 785170 | H84: 0 | I84: 385810 | J84: 0 | K84: 0 | L84: 0 | M84: 801400 | N84: 406600 | O84: 0 | P84: =SUM(C84:I84,K84) -> 2503050 | Q84: =SUM(C84:J84,L84:O84) -> 3711050 | T84: 32990 | U84: 247000 | V84: 607480 | W84: 2912030 | X84: 1231930 | Y84: 0 | AD84: =SUM(R84:AC84) -> 5031430 | AE84: =IF(OR(AD84="", P84=""), 0, IFERROR((AD84-P84)/P84, IF(AD84<>0, 1, 0))) -> 1.0101197 | AF84: =IFERROR(_xlfn.RANK.EQ(AD84, $AD$2:$AD$450), "") -> 84
A85: POLO RALPH LAUREN | B85: KA WAH COMPANY | D85: 0 | E85: 1876770 | F85: 0 | G85: 0 | H85: 0 | I85: 494920 | J85: 0 | K85: 0 | L85: 0 | M85: 0 | N85: 0 | O85: 1493020 | P85: =SUM(C85:I85,K85) -> 2371690 | Q85: =SUM(C85:J85,L85:O85) -> 3864710 | R85: 53780 | T85: 3070030 | U85: 0 | V85: 59310 | W85: 0 | X85: 0 | Y85: 0 | AD85: =SUM(R85:AC85) -> 3183120 | AE85: =IF(OR(AD85="", P85=""), 0, IFERROR((AD85-P85)/P85, IF(AD85<>0, 1, 0))) -> 0.34213156 | AF85: =IFERROR(_xlfn.RANK.EQ(AD85, $AD$2:$AD$450), "") -> 108
A86: POLO RALPH LAUREN | B86: Novel Dyeing & Printing Limited | C86: 291890 | D86: 0 | E86: 0 | F86: 1248940 | G86: 303780 | H86: 0 | I86: 268740 | J86: 305900 | K86: 305900 | L86: 873960 | M86: 0 | N86: 512770 | O86: 325770 | P86: =SUM(C86:I86,K86) -> 2419250 | Q86: =SUM(C86:J86,L86:O86) -> 4131750 | T86: 644600 | U86: 0 | V86: 872000 | W86: 1094880 | X86: 0 | Y86: 598540 | AD86: =SUM(R86:AC86) -> 3210020 | AE86: =IF(OR(AD86="", P86=""), 0, IFERROR((AD86-P86)/P86, IF(AD86<>0, 1, 0))) -> 0.32686576 | AF86: =IFERROR(_xlfn.RANK.EQ(AD86, $AD$2:$AD$450), "") -> 106
A87: POLO RALPH LAUREN | B87: JIANGSU SUNSHINE CO LTD | C87: 851140 | D87: 0 | E87: 0 | F87: 0 | G87: 928000 | H87: 325010 | I87: 270520 | J87: 535930 | K87: 535930 | L87: 0 | M87: 0 | N87: 0 | O87: 0 | P87: =SUM(C87:I87,K87) -> 2910600 | Q87: =SUM(C87:J87,L87:O87) -> 2910600 | X87: 982620 | Y87: 396490 | AD87: =SUM(R87:AC87) -> 1379110 | AE87: =IF(OR(AD87="", P87=""), 0, IFERROR((AD87-P87)/P87, IF(AD87<>0, 1, 0))) -> -0.52617673 | AF87: =IFERROR(_xlfn.RANK.EQ(AD87, $AD$2:$AD$450), "") -> 139
A88: POLO RALPH LAUREN | B88: Zhejiang Saintyear Textile Co.,Ltd. | C88: 1216320 | D88: 76740 | E88: 0 | F88: 444790 | G88: 0 | H88: 1776150 | I88: 0 | J88: 45850 | K88: 45850 | L88: 0 | M88: 885530 | N88: 863400 | O88: 87630 | P88: =SUM(C88:I88,K88) -> 3559850 | Q88: =SUM(C88:J88,L88:O88) -> 5396410 | R88: 370710 | T88: 608960 | U88: 50500 | V88: 1294500 | W88: 0 | X88: 696360 | Y88: 0 | AD88: =SUM(R88:AC88) -> 3021030 | AE88: =IF(OR(AD88="", P88=""), 0, IFERROR((AD88-P88)/P88, IF(AD88<>0, 1, 0))) -> -0.15136031 | AF88: =IFERROR(_xlfn.RANK.EQ(AD88, $AD$2:$AD$450), "") -> 110
A89: POLO RALPH LAUREN | B89: SHAOXING MING-HEE EMBROIDERY CO LTD | C89: 29210 | D89: 0 | E89: 801520 | F89: 0 | G89: 864760 | H89: 27250 | I89: 0 | J89: 0 | K89: 0 | L89: 900200 | M89: 28550 | N89: 0 | O89: 0 | P89: =SUM(C89:I89,K89) -> 1722740 | Q89: =SUM(C89:J89,L89:O89) -> 2651490 | T89: 941360 | U89: 0 | V89: 0 | W89: 0 | X89: 0 | Y89: 1236460 | AD89: =SUM(R89:AC89) -> 2177820 | AE89: =IF(OR(AD89="", P89=""), 0, IFERROR((AD89-P89)/P89, IF(AD89<>0, 1, 0))) -> 0.26416058 | AF89: =IFERROR(_xlfn.RANK.EQ(AD89, $AD$2:$AD$450), "") -> 121
A90: POLO RALPH LAUREN | B90: POLO RALPH LAUREN | D90: 730200 | E90: 804260 | F90: 143140 | G90: 0 | H90: 1313090 | I90: 233410 | J90: 0 | L90: 1055180 | M90: 0 | N90: 376500 | O90: 2408610 | P90: =SUM(C90:I90,K90) -> 3224100 | Q90: =SUM(C90:J90,L90:O90) -> 7064390 | T90: 2556240 | AD90: =SUM(R90:AC90) -> 2556240 | AE90: =IF(OR(AD90="", P90=""), 0, IFERROR((AD90-P90)/P90, IF(AD90<>0, 1, 0))) -> -0.20714618 | AF90: =IFERROR(_xlfn.RANK.EQ(AD90, $AD$2:$AD$450), "") -> 113
A91: POLO RALPH LAUREN | B91: Suzhou Wangu Silk Co., Ltd | C91: 461690 | G91: 1209900 | P91: =SUM(C91:I91,K91) -> 1671590 | Q91: =SUM(C91:J91,L91:O91) -> 1671590 | AD91: =SUM(R91:AC91) -> 0 | AE91: =IF(OR(AD91="", P91=""), 0, IFERROR((AD91-P91)/P91, IF(AD91<>0, 1, 0))) -> -1 | AF91: =IFERROR(_xlfn.RANK.EQ(AD91, $AD$2:$AD$450), "") -> 240
A92: POLO RALPH LAUREN | B92: ATLANTIC TRIM ACCESSORIES, LLC | C92: 1115870 | D92: 511850 | E92: 0 | F92: 0 | G92: 0 | H92: 182460 | I92: 0 | J92: 705730 | K92: 705730 | L92: 1091180 | M92: 0 | N92: 0 | O92: 756370 | P92: =SUM(C92:I92,K92) -> 2515910 | Q92: =SUM(C92:J92,L92:O92) -> 4363460 | T92: 1002840 | U92: 2250590 | V92: 0 | W92: 202620 | X92: 0 | Y92: 0 | AD92: =SUM(R92:AC92) -> 3456050 | AE92: =IF(OR(AD92="", P92=""), 0, IFERROR((AD92-P92)/P92, IF(AD92<>0, 1, 0))) -> 0.37367791 | AF92: =IFERROR(_xlfn.RANK.EQ(AD92, $AD$2:$AD$450), "") -> 100
A93: POLO RALPH LAUREN | B93: SHENZHEN FAME HONEST TEXTILE CO LTD | C93: 48510 | D93: 0 | E93: 482990 | F93: 556020 | G93: 497620 | H93: 1096180 | I93: 479860 | J93: 0 | K93: 0 | L93: 0 | M93: 0 | N93: 0 | O93: 0 | P93: =SUM(C93:I93,K93) -> 3161180 | Q93: =SUM(C93:J93,L93:O93) -> 3161180 | S93: 510040 | T93: 435850 | U93: 0 | V93: 47870 | W93: 450130 | X93: 0 | Y93: 0 | AD93: =SUM(R93:AC93) -> 1443890 | AE93: =IF(OR(AD93="", P93=""), 0, IFERROR((AD93-P93)/P93, IF(AD93<>0, 1, 0))) -> -0.54324335 | AF93: =IFERROR(_xlfn.RANK.EQ(AD93, $AD$2:$AD$450), "") -> 136
A94: POLO RALPH LAUREN | B94: MEI ZHOU WING CI PRODUCTS CO LTD | D94: 0 | E94: 0 | F94: 0 | G94: 1563870 | H94: 1329920 | I94: 80700 | J94: 527230 | K94: 527230 | L94: 817470 | M94: 504570 | N94: 1899100 | O94: 1083340 | P94: =SUM(C94:I94,K94) -> 3501720 | Q94: =SUM(C94:J94,L94:O94) -> 7806200 | R94: 4923380 | S94: 405800 | T94: 31200 | U94: 717190 | V94: 32040 | W94: 956160 | X94: 251810 | Y94: 0 | AD94: =SUM(R94:AC94) -> 7317580 | AE94: =IF(OR(AD94="", P94=""), 0, IFERROR((AD94-P94)/P94, IF(AD94<>0, 1, 0))) -> 1.0897102 | AF94: =IFERROR(_xlfn.RANK.EQ(AD94, $AD$2:$AD$450), "") -> 66
A95: POLO RALPH LAUREN | B95: Next fabric 21,st | C95: 1515210 | D95: 0 | E95: 0 | F95: 0 | G95: 0 | H95: 0 | I95: 0 | J95: 0 | K95: 0 | L95: 0 | M95: 0 | N95: 0 | O95: 0 | P95: =SUM(C95:I95,K95) -> 1515210 | Q95: =SUM(C95:J95,L95:O95) -> 1515210 | AD95: =SUM(R95:AC95) -> 0 | AE95: =IF(OR(AD95="", P95=""), 0, IFERROR((AD95-P95)/P95, IF(AD95<>0, 1, 0))) -> -1 | AF95: =IFERROR(_xlfn.RANK.EQ(AD95, $AD$2:$AD$450), "") -> 240
A96: POLO RALPH LAUREN | B96: SUZHOU ZHONGTIAN FASHION TEXTILES CO LTD | D96: 0 | E96: 1047900 | F96: 0 | G96: 464100 | H96: 158080 | I96: 0 | J96: 237670 | K96: 237670 | L96: 27600 | M96: 0 | N96: 0 | O96: 0 | P96: =SUM(C96:I96,K96) -> 1907750 | Q96: =SUM(C96:J96,L96:O96) -> 1935350 | AD96: =SUM(R96:AC96) -> 0 | AE96: =IF(OR(AD96="", P96=""), 0, IFERROR((AD96-P96)/P96, IF(AD96<>0, 1, 0))) -> -1 | AF96: =IFERROR(_xlfn.RANK.EQ(AD96, $AD$2:$AD$450), "") -> 240
A97: POLO RALPH LAUREN | B97: Venda Enterprise Co., Ltd. | D97: 0 | E97: 0 | F97: 1142650 | G97: 352370 | H97: 693120 | I97: 0 | J97: 926710 | K97: 940700 | L97: 0 | M97: 258680 | N97: 0 | O97: 828850 | P97: =SUM(C97:I97,K97) -> 3128840 | Q97: =SUM(C97:J97,L97:O97) -> 4202380 | R97: 401480 | T97: 0 | U97: 1189420 | V97: 0 | W97: 1716830 | X97: 697940 | Y97: 0 | AD97: =SUM(R97:AC97) -> 4005670 | AE97: =IF(OR(AD97="", P97=""), 0, IFERROR((AD97-P97)/P97, IF(AD97<>0, 1, 0))) -> 0.28024124 | AF97: =IFERROR(_xlfn.RANK.EQ(AD97, $AD$2:$AD$450), "") -> 93
A98: POLO RALPH LAUREN | B98: YANGZHOU DONGSHENG TEXTILE CO LTD | D98: 0 | E98: 944490 | F98: 481300 | G98: 0 | H98: 0 | I98: 535780 | J98: 0 | K98: 0 | L98: 0 | M98: 0 | N98: 570450 | O98: 0 | P98: =SUM(C98:I98,K98) -> 1961570 | Q98: =SUM(C98:J98,L98:O98) -> 2532020 | T98: 421020 | U98: 0 | V98: 1504620 | W98: 0 | X98: 0 | Y98: 0 | AD98: =SUM(R98:AC98) -> 1925640 | AE98: =IF(OR(AD98="", P98=""), 0, IFERROR((AD98-P98)/P98, IF(AD98<>0, 1, 0))) -> -0.01831696 | AF98: =IFERROR(_xlfn.RANK.EQ(AD98, $AD$2:$AD$450), "") -> 124
A99: POLO RALPH LAUREN | B99: SHANGHAI AUDE INTERNATIONAL CO.,LTD | C99: 33000 | D99: 0 | E99: 1352470 | F99: 0 | G99: 0 | H99: 0 | I99: 0 | J99: 0 | K99: 0 | L99: 0 | M99: 151970 | N99: 0 | O99: 0 | P99: =SUM(C99:I99,K99) -> 1385470 | Q99: =SUM(C99:J99,L99:O99) -> 1537440 | U99: 968020 | V99: 0 | W99: 0 | X99: 0 | Y99: 0 | AD99: =SUM(R99:AC99) -> 968020 | AE99: =IF(OR(AD99="", P99=""), 0, IFERROR((AD99-P99)/P99, IF(AD99<>0, 1, 0))) -> -0.30130569 | AF99: =IFERROR(_xlfn.RANK.EQ(AD99, $AD$2:$AD$450), "") -> 159
A100: POLO RALPH LAUREN | B100: NEW-TECH TEXTILE INTERNATIONAL TRADING CO., LTD | D100: 1359910 | E100: 0 | F100: 0 | G100: 0 | H100: 0 | I100: 0 | J100: 0 | K100: 0 | L100: 0 | M100: 0 | N100: 0 | O100: 0 | P100: =SUM(C100:I100,K100) -> 1359910 | Q100: =SUM(C100:J100,L100:O100) -> 1359910 | AD100: =SUM(R100:AC100) -> 0 | AE100: =IF(OR(AD100="", P100=""), 0, IFERROR((AD100-P100)/P100, IF(AD100<>0, 1, 0))) -> -1 | AF100: =IFERROR(_xlfn.RANK.EQ(AD100, $AD$2:$AD$450), "") -> 240
...

Sheet global part2
A1: 바이어명 | B1: 업체명 | C1: 25년 1월 | D1: 25년 2월 | E1: 25년 3월 | F1: 25년 4월 | G1: 25년 5월 | H1: 25년 6월 | I1: 25년 7월 | J1: 25년 8월 | K1: 25년 8월 (~25일) | L1: 25년 9월 | M1: 25년 10월 | N1: 25년 11월 | O1: 25년 12월 | P1: 25년 합계 (~8월 25일) | Q1: 25년 합계 | R1: 26년 1월 | S1: 26년 2월 | T1: 26년 3월 | U1: 26년 4월 | V1: 26년 5월 | W1: 26년 6월 | X1: 26년 7월 | Y1: 26년 8월 (~25일) | Z1: 26년 9월 | AA1: 26년 10월 | AB1: 26년 11월 | AC1: 26년 12월 | AD1: 26년 합계 | AE1: 증감율 | AF1: 업체 순위
A2: GUESS | B2: GREENWEAR LIMITED | C2: 451260 | D2: 2359350 | E2: 8945140 | F2: 5270000 | G2: 21723170 | H2: 6476690 | I2: 4077320 | J2: 7254600 | K2: 5885890 | L2: 1997350 | M2: 5524920 | N2: 6373480 | O2: 1959150 | P2: =SUM(C2:I2,K2) -> 55188820 | Q2: =SUM(C2:J2,L2:O2) -> 72412430 | R2: 3177530 | S2: 652220 | T2: 4654580 | U2: 2796200 | V2: 0 | W2: 0 | X2: 0 | Y2: 0 | AD2: =SUM(R2:AC2) -> 11280530 | AE2: =IF(OR(AD2="", P2=""), 0, IFERROR((AD2-P2)/P2, IF(AD2<>0, 1, 0))) -> -0.79560117 | AF2: =IFERROR(_xlfn.RANK.EQ(AD2, $AD$2:$AD$483), "") -> 3
A3: GUESS | B3: SHANGHAI WESTLAN INTERNATIONAL TRADING CO.,LTD | C3: 5601510 | D3: 1790090 | E3: 1771370 | F3: 11102350 | G3: 3877860 | H3: 1434450 | I3: 5285910 | J3: 2880070 | K3: 2529570 | L3: 2320750 | M3: 2630770 | N3: 3219890 | O3: 1963690 | P3: =SUM(C3:I3,K3) -> 33393110 | Q3: =SUM(C3:J3,L3:O3) -> 43878710 | R3: 8076940 | S3: 2652730 | T3: 4256640 | U3: 11776440 | V3: 4106570 | W3: 593970 | X3: 0 | Y3: 0 | AD3: =SUM(R3:AC3) -> 31463290 | AE3: =IF(OR(AD3="", P3=""), 0, IFERROR((AD3-P3)/P3, IF(AD3<>0, 1, 0))) -> -0.057790963 | AF3: =IFERROR(_xlfn.RANK.EQ(AD3, $AD$2:$AD$483), "") -> 1
A4: GUESS | B4: TONGXIANG EASUN FOREIGN TRADE CO.,LTD | C4: 5851630 | D4: 328200 | E4: 2973230 | F4: 10588750 | G4: 1767940 | H4: 859070 | I4: 5139600 | J4: 2186300 | K4: 2010190 | L4: 545660 | M4: 3408000 | N4: 699720 | O4: 3092050 | P4: =SUM(C4:I4,K4) -> 29518610 | Q4: =SUM(C4:J4,L4:O4) -> 37440150 | R4: 4804850 | S4: 156890 | T4: 2635530 | U4: 2789070 | V4: 0 | W4: 0 | X4: 0 | Y4: 0 | AD4: =SUM(R4:AC4) -> 10386340 | AE4: =IF(OR(AD4="", P4=""), 0, IFERROR((AD4-P4)/P4, IF(AD4<>0, 1, 0))) -> -0.64814265 | AF4: =IFERROR(_xlfn.RANK.EQ(AD4, $AD$2:$AD$483), "") -> 4 | AH4: 행 레이블 | AI4: 합계 : 25년 합계 | AJ4: 합계 : 26년 합계 | AK4: 증감수수료 | AL4: 증감율
A5: GUESS | B5: HRJ Fashion & Accessories Corp. Ltd. | C5: 873940 | D5: 0 | E5: 2986110 | F5: 2550470 | G5: 27880 | H5: 0 | I5: 0 | J5: 0 | K5: 0 | L5: 0 | M5: 0 | N5: 0 | O5: 0 | P5: =SUM(C5:I5,K5) -> 6438400 | Q5: =SUM(C5:J5,L5:O5) -> 6438400 | AD5: =SUM(R5:AC5) -> 0 | AE5: =IF(OR(AD5="", P5=""), 0, IFERROR((AD5-P5)/P5, IF(AD5<>0, 1, 0))) -> -1 | AF5: =IFERROR(_xlfn.RANK.EQ(AD5, $AD$2:$AD$483), "") -> 189 | AH5: GUESS | AI5: 172545210 | AJ5: 78015170 | AK5: =AJ5-AI5 -> -94530040 | AL5: =IFERROR((AJ5-AI5)/AI5, 0) -> -0.54785665
A6: GUESS | B6: Joy fashion co.,ltd. | D6: 107370 | E6: 1630480 | F6: 2106670 | G6: 1696980 | H6: 287050 | I6: 486150 | J6: 894740 | K6: 223390 | L6: 728340 | M6: 505270 | N6: 967010 | O6: 312360 | P6: =SUM(C6:I6,K6) -> 6538090 | Q6: =SUM(C6:J6,L6:O6) -> 9722420 | R6: 807940 | S6: 217710 | T6: 1827660 | U6: 2007630 | V6: 0 | W6: 0 | X6: 0 | Y6: 0 | AD6: =SUM(R6:AC6) -> 4860940 | AE6: =IF(OR(AD6="", P6=""), 0, IFERROR((AD6-P6)/P6, IF(AD6<>0, 1, 0))) -> -0.25651987 | AF6: =IFERROR(_xlfn.RANK.EQ(AD6, $AD$2:$AD$483), "") -> 17 | AH6: COLOSSEUM | AI6: 37955070 | AJ6: 68042000 | AK6: =AJ6-AI6 -> 30086930 | AL6: =IFERROR((AJ6-AI6)/AI6, 0) -> 0.79269858
A7: GUESS | B7: Jiaxing Buford Trading Co.,Ltd | C7: 595240 | D7: 60880 | E7: 1309160 | F7: 1505400 | G7: 692430 | H7: 0 | I7: 1629660 | J7: 30890 | K7: 30890 | L7: 0 | M7: 586880 | N7: 1067780 | O7: 107900 | P7: =SUM(C7:I7,K7) -> 5823660 | Q7: =SUM(C7:J7,L7:O7) -> 7586220 | R7: 1287200 | S7: 987160 | T7: 0 | U7: 0 | V7: 0 | W7: 0 | X7: 0 | Y7: 0 | AD7: =SUM(R7:AC7) -> 2274360 | AE7: =IF(OR(AD7="", P7=""), 0, IFERROR((AD7-P7)/P7, IF(AD7<>0, 1, 0))) -> -0.60946209 | AF7: =IFERROR(_xlfn.RANK.EQ(AD7, $AD$2:$AD$483), "") -> 29 | AH7: 기타(AATCC) | AI7: 34469970 | AJ7: 43366350 | AK7: =AJ7-AI7 -> 8896380 | AL7: =IFERROR((AJ7-AI7)/AI7, 0) -> 0.25809074
A8: GUESS | B8: Kunshan Huayue Textile&Garment Co.Ltd | C8: 608350 | D8: 0 | E8: 1404700 | F8: 1116040 | G8: 0 | H8: 0 | I8: 713500 | J8: 204290 | K8: 162560 | L8: 365530 | M8: 39790 | N8: 0 | O8: 0 | P8: =SUM(C8:I8,K8) -> 4005150 | Q8: =SUM(C8:J8,L8:O8) -> 4452200 | AD8: =SUM(R8:AC8) -> 0 | AE8: =IF(OR(AD8="", P8=""), 0, IFERROR((AD8-P8)/P8, IF(AD8<>0, 1, 0))) -> -1 | AF8: =IFERROR(_xlfn.RANK.EQ(AD8, $AD$2:$AD$483), "") -> 189 | AH8: FASHION NOVA | AI8: 19700080 | AJ8: 35686360 | AK8: =AJ8-AI8 -> 15986280 | AL8: =IFERROR((AJ8-AI8)/AI8, 0) -> 0.811483
A9: GUESS | B9: SHAOXING DARIN TEXTILE CO., LTD | C9: 1070390 | D9: 1133870 | E9: 70710 | F9: 0 | G9: 0 | H9: 678450 | I9: 0 | J9: 30280 | K9: 30280 | L9: 1037130 | M9: 678440 | N9: 0 | O9: 0 | P9: =SUM(C9:I9,K9) -> 2983700 | Q9: =SUM(C9:J9,L9:O9) -> 4699270 | R9: 517730 | T9: 30160 | U9: 0 | V9: 0 | W9: 0 | X9: 0 | Y9: 0 | AD9: =SUM(R9:AC9) -> 547890 | AE9: =IF(OR(AD9="", P9=""), 0, IFERROR((AD9-P9)/P9, IF(AD9<>0, 1, 0))) -> -0.81637229 | AF9: =IFERROR(_xlfn.RANK.EQ(AD9, $AD$2:$AD$483), "") -> 85 | AH9: ACTIVE USA, INC. | AI9: 16536800 | AJ9: 21607630 | AK9: =AJ9-AI9 -> 5070830 | AL9: =IFERROR((AJ9-AI9)/AI9, 0) -> 0.30663913
A10: GUESS | B10: Changzhou ShengLai garments co.,ltd. | C10: 87480 | D10: 516760 | E10: 662750 | F10: 69290 | G10: 861070 | H10: 250330 | I10: 332570 | J10: 27980 | K10: 27980 | L10: 0 | M10: 491080 | N10: 0 | O10: 125250 | P10: =SUM(C10:I10,K10) -> 2808230 | Q10: =SUM(C10:J10,L10:O10) -> 3424560 | S10: 143650 | T10: 704190 | U10: 0 | V10: 0 | W10: 0 | X10: 0 | Y10: 0 | AD10: =SUM(R10:AC10) -> 847840 | AE10: =IF(OR(AD10="", P10=""), 0, IFERROR((AD10-P10)/P10, IF(AD10<>0, 1, 0))) -> -0.69808741 | AF10: =IFERROR(_xlfn.RANK.EQ(AD10, $AD$2:$AD$483), "") -> 63 | AH10: Byer California | AI10: 5779910 | AJ10: 12597370 | AK10: =AJ10-AI10 -> 6817460 | AL10: =IFERROR((AJ10-AI10)/AI10, 0) -> 1.1795097
A11: GUESS | B11: NINGBO LONGFEI IMP&EXP CO.LTD | C11: 116530 | D11: 0 | E11: 208630 | F11: 1183160 | G11: 556700 | H11: 191610 | I11: 603360 | J11: 495020 | K11: 307420 | L11: 180390 | M11: 298560 | N11: 208040 | O11: 28840 | P11: =SUM(C11:I11,K11) -> 3167410 | Q11: =SUM(C11:J11,L11:O11) -> 4070840 | R11: 171060 | S11: 218490 | T11: 329420 | U11: 335020 | V11: 0 | W11: 0 | X11: 0 | Y11: 0 | AD11: =SUM(R11:AC11) -> 1053990 | AE11: =IF(OR(AD11="", P11=""), 0, IFERROR((AD11-P11)/P11, IF(AD11<>0, 1, 0))) -> -0.66723916 | AF11: =IFERROR(_xlfn.RANK.EQ(AD11, $AD$2:$AD$483), "") -> 52 | AH11: KAN CAN USA Inc. | AI11: 2167800 | AJ11: 8544360 | AK11: =AJ11-AI11 -> 6376560 | AL11: =IFERROR((AJ11-AI11)/AI11, 0) -> 2.9414891
A12: GUESS | B12: shaoxing yongyao textile co.,ltd | C12: 109520 | D12: 452130 | E12: 274570 | F12: 598720 | G12: 593120 | H12: 141630 | I12: 650410 | J12: 349030 | K12: 349030 | L12: 0 | M12: 360930 | N12: 0 | O12: 3610690 | P12: =SUM(C12:I12,K12) -> 3169130 | Q12: =SUM(C12:J12,L12:O12) -> 7140750 | R12: 1076010 | S12: 549080 | T12: 624470 | U12: 0 | V12: 0 | W12: 0 | X12: 0 | Y12: 0 | AD12: =SUM(R12:AC12) -> 2249560 | AE12: =IF(OR(AD12="", P12=""), 0, IFERROR((AD12-P12)/P12, IF(AD12<>0, 1, 0))) -> -0.29016481 | AF12: =IFERROR(_xlfn.RANK.EQ(AD12, $AD$2:$AD$483), "") -> 30 | AH12: NEWELL | AI12: 9940140 | AJ12: 7445780 | AK12: =AJ12-AI12 -> -2494360 | AL12: =IFERROR((AJ12-AI12)/AI12, 0) -> -0.25093812
A13: GUESS | B13: SHAOXING EXCELLENT TEXTILE CO.LTD | C13: 678790 | D13: 0 | E13: 111890 | F13: 732610 | G13: 0 | H13: 530040 | I13: 504220 | J13: 0 | K13: 0 | L13: 0 | M13: 0 | N13: 0 | O13: 171310 | P13: =SUM(C13:I13,K13) -> 2557550 | Q13: =SUM(C13:J13,L13:O13) -> 2728860 | R13: 333980 | T13: 0 | U13: 392640 | V13: 0 | W13: 0 | X13: 0 | Y13: 0 | AD13: =SUM(R13:AC13) -> 726620 | AE13: =IF(OR(AD13="", P13=""), 0, IFERROR((AD13-P13)/P13, IF(AD13<>0, 1, 0))) -> -0.71589216 | AF13: =IFERROR(_xlfn.RANK.EQ(AD13, $AD$2:$AD$483), "") -> 71 | AH13: 기타(ISO) | AI13: 10384920 | AJ13: 6201190 | AK13: =AJ13-AI13 -> -4183730 | AL13: =IFERROR((AJ13-AI13)/AI13, 0) -> -0.40286589
A14: GUESS | B14: Indochine International Ltd | C14: 535910 | D14: 285090 | E14: 68520 | F14: 561940 | G14: 27560 | H14: 467010 | I14: 389450 | J14: 522140 | K14: 385730 | L14: 1041340 | M14: 598320 | N14: 312840 | O14: 982540 | P14: =SUM(C14:I14,K14) -> 2721210 | Q14: =SUM(C14:J14,L14:O14) -> 5792660 | R14: 1620080 | S14: 1190930 | T14: 66420 | U14: 0 | V14: 0 | W14: 0 | X14: 0 | Y14: 0 | AD14: =SUM(R14:AC14) -> 2877430 | AE14: =IF(OR(AD14="", P14=""), 0, IFERROR((AD14-P14)/P14, IF(AD14<>0, 1, 0))) -> 0.057408285 | AF14: =IFERROR(_xlfn.RANK.EQ(AD14, $AD$2:$AD$483), "") -> 26 | AH14: BUCKLE | AI14: 1418830 | AJ14: 2132590 | AK14: =AJ14-AI14 -> 713760 | AL14: =IFERROR((AJ14-AI14)/AI14, 0) -> 0.50306238
A15: GUESS | B15: JIN HONG INTERNATIONAL TRADING(SHANGHAI) CO.LTD | C15: 273600 | D15: 0 | E15: 802560 | F15: 38800 | G15: 0 | H15: 0 | I15: 0 | J15: 0 | K15: 0 | L15: 32780 | M15: 365420 | N15: 58150 | O15: 0 | P15: =SUM(C15:I15,K15) -> 1114960 | Q15: =SUM(C15:J15,L15:O15) -> 1571310 | R15: 28970 | S15: 87630 | T15: 210970 | U15: 850270 | V15: 0 | W15: 0 | X15: 0 | Y15: 0 | AD15: =SUM(R15:AC15) -> 1177840 | AE15: =IF(OR(AD15="", P15=""), 0, IFERROR((AD15-P15)/P15, IF(AD15<>0, 1, 0))) -> 0.056396642 | AF15: =IFERROR(_xlfn.RANK.EQ(AD15, $AD$2:$AD$483), "") -> 49 | AH15: TEMU | AI15: 1729130 | AJ15: 32220 | AK15: =AJ15-AI15 -> -1696910 | AL15: =IFERROR((AJ15-AI15)/AI15, 0) -> -0.98136635
A16: GUESS | B16: Suzhou D&C Manufacture Group | D16: 0 | E16: 460760 | F16: 428180 | G16: 210610 | H16: 27270 | I16: 355370 | J16: 0 | K16: 0 | L16: 57970 | M16: 0 | N16: 0 | O16: 684350 | P16: =SUM(C16:I16,K16) -> 1482190 | Q16: =SUM(C16:J16,L16:O16) -> 2224510 | R16: 460610 | T16: 469800 | U16: 0 | V16: 0 | W16: 0 | X16: 0 | Y16: 0 | AD16: =SUM(R16:AC16) -> 930410 | AE16: =IF(OR(AD16="", P16=""), 0, IFERROR((AD16-P16)/P16, IF(AD16<>0, 1, 0))) -> -0.37227346 | AF16: =IFERROR(_xlfn.RANK.EQ(AD16, $AD$2:$AD$483), "") -> 58 | AH16: F21 OpCo, LLC | AI16: 47027820 | AJ16: 0 | AK16: =AJ16-AI16 -> -47027820 | AL16: =IFERROR((AJ16-AI16)/AI16, 0) -> -1
A17: GUESS | B17: HUALEY KNITWEARS LTD. | C17: 105890 | D17: 283470 | E17: 0 | F17: 85350 | G17: 485150 | H17: 0 | I17: 92950 | J17: 445990 | K17: 390350 | L17: 0 | M17: 260630 | N17: 387530 | O17: 0 | P17: =SUM(C17:I17,K17) -> 1443160 | Q17: =SUM(C17:J17,L17:O17) -> 2146960 | R17: 756520 | S17: 28860 | T17: 0 | U17: 0 | V17: 0 | W17: 0 | X17: 0 | Y17: 0 | AD17: =SUM(R17:AC17) -> 785380 | AE17: =IF(OR(AD17="", P17=""), 0, IFERROR((AD17-P17)/P17, IF(AD17<>0, 1, 0))) -> -0.45579146 | AF17: =IFERROR(_xlfn.RANK.EQ(AD17, $AD$2:$AD$483), "") -> 67 | AH17: MARMOT | AI17: 281050 | AJ17: 0 | AK17: =AJ17-AI17 -> -281050 | AL17: =IFERROR((AJ17-AI17)/AI17, 0) -> -1
A18: GUESS | B18: C.H.A DESIGN EXPORT (H.Z) LTD | C18: 976170 | D18: 0 | E18: 0 | F18: 0 | G18: 0 | H18: 0 | I18: 0 | J18: 0 | K18: 0 | L18: 0 | M18: 0 | N18: 0 | O18: 0 | P18: =SUM(C18:I18,K18) -> 976170 | Q18: =SUM(C18:J18,L18:O18) -> 976170 | AD18: =SUM(R18:AC18) -> 0 | AE18: =IF(OR(AD18="", P18=""), 0, IFERROR((AD18-P18)/P18, IF(AD18<>0, 1, 0))) -> -1 | AF18: =IFERROR(_xlfn.RANK.EQ(AD18, $AD$2:$AD$483), "") -> 189 | AH18: Kasper (구.JONES APPAREL GROUP) | AI18: 0 | AJ18: 0 | AK18: =AJ18-AI18 -> 0 | AL18: =IFERROR((AJ18-AI18)/AI18, 0) -> 0
A19: GUESS | B19: JULIA | D19: 0 | E19: 384970 | F19: 28600 | G19: 330790 | H19: 551280 | I19: 0 | J19: 0 | K19: 0 | L19: 27870 | M19: 0 | N19: 0 | O19: 0 | P19: =SUM(C19:I19,K19) -> 1295640 | Q19: =SUM(C19:J19,L19:O19) -> 1323510 | AD19: =SUM(R19:AC19) -> 0 | AE19: =IF(OR(AD19="", P19=""), 0, IFERROR((AD19-P19)/P19, IF(AD19<>0, 1, 0))) -> -1 | AF19: =IFERROR(_xlfn.RANK.EQ(AD19, $AD$2:$AD$483), "") -> 189 | AH19: Icer Brands | AI19: 0 | AJ19: 0 | AK19: =AJ19-AI19 -> 0 | AL19: =IFERROR((AJ19-AI19)/AI19, 0) -> 0
A20: GUESS | B20: ZHEJIANG JIAYE P&D CO.,LTD | D20: 130100 | E20: 0 | F20: 606260 | G20: 0 | H20: 0 | I20: 194630 | J20: 298480 | K20: 298480 | L20: 616780 | M20: 206880 | N20: 0 | O20: 0 | P20: =SUM(C20:I20,K20) -> 1229470 | Q20: =SUM(C20:J20,L20:O20) -> 2053130 | R20: 283440 | S20: 162830 | T20: 0 | U20: 156570 | V20: 0 | W20: 0 | X20: 0 | Y20: 0 | AD20: =SUM(R20:AC20) -> 602840 | AE20: =IF(OR(AD20="", P20=""), 0, IFERROR((AD20-P20)/P20, IF(AD20<>0, 1, 0))) -> -0.5096749 | AF20: =IFERROR(_xlfn.RANK.EQ(AD20, $AD$2:$AD$483), "") -> 82 | AH20: 총합계 | AI20: 359936730 | AJ20: 283671020 | AK20: =AJ20-AI20 -> -76265710 | AL20: =IFERROR((AJ20-AI20)/AI20, 0) -> -0.21188643
A21: GUESS | B21: Shaoxing Metop Textile Technology Co.,Ltd | D21: 0 | E21: 0 | F21: 480060 | G21: 172810 | H21: 110800 | I21: 1082930 | J21: 95540 | K21: 109410 | L21: 684390 | M21: 181890 | N21: 136970 | O21: 239100 | P21: =SUM(C21:I21,K21) -> 1956010 | Q21: =SUM(C21:J21,L21:O21) -> 3184490 | R21: 261000 | S21: 29280 | T21: 338260 | U21: 787200 | V21: 0 | W21: 0 | X21: 0 | Y21: 0 | AD21: =SUM(R21:AC21) -> 1415740 | AE21: =IF(OR(AD21="", P21=""), 0, IFERROR((AD21-P21)/P21, IF(AD21<>0, 1, 0))) -> -0.27621024 | AF21: =IFERROR(_xlfn.RANK.EQ(AD21, $AD$2:$AD$483), "") -> 45
A22: GUESS | B22: JIANGSU FENGYIN TEXTILE INDUSTRIAL CO LTD | D22: 0 | E22: 140780 | F22: 276180 | G22: 206410 | H22: 0 | I22: 0 | J22: 0 | K22: 0 | L22: 0 | M22: 0 | N22: 0 | O22: 0 | P22: =SUM(C22:I22,K22) -> 623370 | Q22: =SUM(C22:J22,L22:O22) -> 623370 | AD22: =SUM(R22:AC22) -> 0 | AE22: =IF(OR(AD22="", P22=""), 0, IFERROR((AD22-P22)/P22, IF(AD22<>0, 1, 0))) -> -1 | AF22: =IFERROR(_xlfn.RANK.EQ(AD22, $AD$2:$AD$483), "") -> 189
A23: GUESS | B23: ARCH TEXTILES MANUFACTURE CORP | D23: 0 | E23: 48770 | F23: 231860 | G23: 317030 | H23: 0 | I23: 0 | J23: 0 | K23: 0 | L23: 0 | M23: 0 | N23: 0 | O23: 0 | P23: =SUM(C23:I23,K23) -> 597660 | Q23: =SUM(C23:J23,L23:O23) -> 597660 | AD23: =SUM(R23:AC23) -> 0 | AE23: =IF(OR(AD23="", P23=""), 0, IFERROR((AD23-P23)/P23, IF(AD23<>0, 1, 0))) -> -1 | AF23: =IFERROR(_xlfn.RANK.EQ(AD23, $AD$2:$AD$483), "") -> 189
A24: GUESS | B24: JECA LIMITED | D24: 0 | E24: 0 | F24: 222520 | G24: 0 | H24: 174180 | I24: 0 | J24: 0 | K24: 0 | L24: 320500 | M24: 0 | N24: 87320 | O24: 0 | P24: =SUM(C24:I24,K24) -> 396700 | Q24: =SUM(C24:J24,L24:O24) -> 804520 | AD24: =SUM(R24:AC24) -> 0 | AE24: =IF(OR(AD24="", P24=""), 0, IFERROR((AD24-P24)/P24, IF(AD24<>0, 1, 0))) -> -1 | AF24: =IFERROR(_xlfn.RANK.EQ(AD24, $AD$2:$AD$483), "") -> 189
A25: GUESS | B25: CIXI HAITENG PLUSH PRODUCT CO.,LTD | D25: 0 | E25: 0 | F25: 166120 | G25: 28110 | H25: 0 | I25: 0 | J25: 0 | K25: 0 | L25: 0 | M25: 0 | N25: 0 | O25: 0 | P25: =SUM(C25:I25,K25) -> 194230 | Q25: =SUM(C25:J25,L25:O25) -> 194230 | AD25: =SUM(R25:AC25) -> 0 | AE25: =IF(OR(AD25="", P25=""), 0, IFERROR((AD25-P25)/P25, IF(AD25<>0, 1, 0))) -> -1 | AF25: =IFERROR(_xlfn.RANK.EQ(AD25, $AD$2:$AD$483), "") -> 189
A26: GUESS | B26: Teebur Textile(Shanghai)Co.Ltd | D26: 29010 | E26: 0 | F26: 114900 | G26: 43250 | H26: 329890 | I26: 626310 | J26: 27980 | K26: 27980 | L26: 175110 | M26: 47120 | N26: 0 | O26: 199870 | P26: =SUM(C26:I26,K26) -> 1171340 | Q26: =SUM(C26:J26,L26:O26) -> 1593440 | R26: 46570 | T26: 302270 | U26: 0 | V26: 0 | W26: 0 | X26: 0 | Y26: 0 | AD26: =SUM(R26:AC26) -> 348840 | AE26: =IF(OR(AD26="", P26=""), 0, IFERROR((AD26-P26)/P26, IF(AD26<>0, 1, 0))) -> -0.70218724 | AF26: =IFERROR(_xlfn.RANK.EQ(AD26, $AD$2:$AD$483), "") -> 109
A27: GUESS | B27: jiangsu vango fashion co.,ltd | C27: 136310 | D27: 0 | E27: 0 | F27: 0 | G27: 33800 | H27: 0 | I27: 0 | J27: 0 | K27: 0 | L27: 0 | M27: 37980 | N27: 194740 | O27: 0 | P27: =SUM(C27:I27,K27) -> 170110 | Q27: =SUM(C27:J27,L27:O27) -> 402830 | R27: 425820 | T27: 0 | U27: 97880 | V27: 0 | W27: 0 | X27: 0 | Y27: 0 | AD27: =SUM(R27:AC27) -> 523700 | AE27: =IF(OR(AD27="", P27=""), 0, IFERROR((AD27-P27)/P27, IF(AD27<>0, 1, 0))) -> 2.0785962 | AF27: =IFERROR(_xlfn.RANK.EQ(AD27, $AD$2:$AD$483), "") -> 89
A28: GUESS | B28: NANTONG ZHONGDA TEXTILE CO.LTD | D28: 0 | E28: 0 | F28: 150070 | G28: 0 | H28: 0 | I28: 148580 | J28: 0 | K28: 0 | L28: 0 | M28: 287150 | N28: 158830 | O28: 0 | P28: =SUM(C28:I28,K28) -> 298650 | Q28: =SUM(C28:J28,L28:O28) -> 744630 | R28: 29340 | S28: 277850 | T28: 1095350 | U28: 0 | V28: 0 | W28: 0 | X28: 0 | Y28: 0 | AD28: =SUM(R28:AC28) -> 1402540 | AE28: =IF(OR(AD28="", P28=""), 0, IFERROR((AD28-P28)/P28, IF(AD28<>0, 1, 0))) -> 3.6962665 | AF28: =IFERROR(_xlfn.RANK.EQ(AD28, $AD$2:$AD$483), "") -> 46
A29: GUESS | B29: ZHEJIANG CHARMING DYEING AND FINISHING CO.,LTD | D29: 0 | E29: 29180 | F29: 60270 | G29: 0 | H29: 0 | I29: 0 | J29: 149020 | K29: 149020 | L29: 42910 | M29: 0 | N29: 0 | O29: 44920 | P29: =SUM(C29:I29,K29) -> 238470 | Q29: =SUM(C29:J29,L29:O29) -> 326300 | T29: 30160 | U29: 0 | V29: 0 | W29: 0 | X29: 0 | Y29: 0 | AD29: =SUM(R29:AC29) -> 30160 | AE29: =IF(OR(AD29="", P29=""), 0, IFERROR((AD29-P29)/P29, IF(AD29<>0, 1, 0))) -> -0.87352707 | AF29: =IFERROR(_xlfn.RANK.EQ(AD29, $AD$2:$AD$483), "") -> 180
A30: GUESS | B30: GOOD RICH TEXTILE LIMITED | C30: 58570 | D30: 0 | E30: 0 | F30: 0 | G30: 0 | H30: 0 | I30: 0 | J30: 544100 | K30: 544100 | L30: 0 | M30: 0 | N30: 0 | O30: 167960 | P30: =SUM(C30:I30,K30) -> 602670 | Q30: =SUM(C30:J30,L30:O30) -> 770630 | R30: 286380 | U30: 0 | V30: 0 | W30: 0 | X30: 0 | Y30: 0 | AD30: =SUM(R30:AC30) -> 286380 | AE30: =IF(OR(AD30="", P30=""), 0, IFERROR((AD30-P30)/P30, IF(AD30<>0, 1, 0))) -> -0.52481458 | AF30: =IFERROR(_xlfn.RANK.EQ(AD30, $AD$2:$AD$483), "") -> 119
A31: GUESS | B31: ZHEJIANG XUSHENG TEXTILE CO., LTD | D31: 0 | E31: 48150 | F31: 0 | G31: 0 | H31: 0 | I31: 0 | J31: 0 | K31: 0 | L31: 0 | M31: 0 | N31: 0 | O31: 0 | P31: =SUM(C31:I31,K31) -> 48150 | Q31: =SUM(C31:J31,L31:O31) -> 48150 | AD31: =SUM(R31:AC31) -> 0 | AE31: =IF(OR(AD31="", P31=""), 0, IFERROR((AD31-P31)/P31, IF(AD31<>0, 1, 0))) -> -1 | AF31: =IFERROR(_xlfn.RANK.EQ(AD31, $AD$2:$AD$483), "") -> 189
A32: GUESS | B32: HIGH FASHION(CHINA) CO.,LTD | P32: =SUM(C32:I32,K32) -> 0 | Q32: =SUM(C32:J32,L32:O32) -> 0 | AD32: =SUM(R32:AC32) -> 0 | AE32: =IF(OR(AD32="", P32=""), 0, IFERROR((AD32-P32)/P32, IF(AD32<>0, 1, 0))) -> 0 | AF32: =IFERROR(_xlfn.RANK.EQ(AD32, $AD$2:$AD$483), "") -> 189
A33: GUESS | B33: LABELTEX(SHANGHAI) CO.,LTD | P33: =SUM(C33:I33,K33) -> 0 | Q33: =SUM(C33:J33,L33:O33) -> 0 | AD33: =SUM(R33:AC33) -> 0 | AE33: =IF(OR(AD33="", P33=""), 0, IFERROR((AD33-P33)/P33, IF(AD33<>0, 1, 0))) -> 0 | AF33: =IFERROR(_xlfn.RANK.EQ(AD33, $AD$2:$AD$483), "") -> 189
A34: GUESS | B34: SUZHOU COBEST TEXTILES CO.,LTD | D34: 0 | E34: 0 | F34: 0 | G34: 0 | H34: 0 | I34: 178360 | J34: 0 | K34: 0 | L34: 482150 | M34: 189240 | N34: 0 | O34: 362530 | P34: =SUM(C34:I34,K34) -> 178360 | Q34: =SUM(C34:J34,L34:O34) -> 1212280 | U34: 619540 | V34: 0 | W34: 0 | X34: 0 | Y34: 0 | AD34: =SUM(R34:AC34) -> 619540 | AE34: =IF(OR(AD34="", P34=""), 0, IFERROR((AD34-P34)/P34, IF(AD34<>0, 1, 0))) -> 2.4735367 | AF34: =IFERROR(_xlfn.RANK.EQ(AD34, $AD$2:$AD$483), "") -> 81
A35: GUESS | B35: GUANGZHOU MEIYINGDA TEXTILE CO.LTD | D35: 0 | E35: 0 | F35: 0 | G35: 0 | H35: 27330 | I35: 0 | J35: 0 | K35: 0 | L35: 0 | M35: 0 | N35: 0 | O35: 0 | P35: =SUM(C35:I35,K35) -> 27330 | Q35: =SUM(C35:J35,L35:O35) -> 27330 | AD35: =SUM(R35:AC35) -> 0 | AE35: =IF(OR(AD35="", P35=""), 0, IFERROR((AD35-P35)/P35, IF(AD35<>0, 1, 0))) -> -1 | AF35: =IFERROR(_xlfn.RANK.EQ(AD35, $AD$2:$AD$483), "") -> 189
A36: GUESS | B36: Changzhou Mengda Textile Co., Ltd. | D36: 0 | E36: 0 | F36: 0 | G36: 0 | H36: 0 | I36: 0 | J36: 0 | L36: 803980 | M36: 0 | N36: 0 | O36: 0 | P36: =SUM(C36:I36,K36) -> 0 | Q36: =SUM(C36:J36,L36:O36) -> 803980 | T36: 29290 | U36: 196980 | V36: 0 | W36: 0 | X36: 0 | Y36: 0 | AD36: =SUM(R36:AC36) -> 226270 | AE36: =IF(OR(AD36="", P36=""), 0, IFERROR((AD36-P36)/P36, IF(AD36<>0, 1, 0))) -> 1 | AF36: =IFERROR(_xlfn.RANK.EQ(AD36, $AD$2:$AD$483), "") -> 127
A37: GUESS | B37: BRIGHTEX SHANGHAI LIMITED | P37: =SUM(C37:I37,K37) -> 0 | Q37: =SUM(C37:J37,L37:O37) -> 0 | AD37: =SUM(R37:AC37) -> 0 | AE37: =IF(OR(AD37="", P37=""), 0, IFERROR((AD37-P37)/P37, IF(AD37<>0, 1, 0))) -> 0 | AF37: =IFERROR(_xlfn.RANK.EQ(AD37, $AD$2:$AD$483), "") -> 189
A38: GUESS | B38: Shanghai Haomaier Clothing &Textile Co.Ltd | P38: =SUM(C38:I38,K38) -> 0 | Q38: =SUM(C38:J38,L38:O38) -> 0 | AD38: =SUM(R38:AC38) -> 0 | AE38: =IF(OR(AD38="", P38=""), 0, IFERROR((AD38-P38)/P38, IF(AD38<>0, 1, 0))) -> 0 | AF38: =IFERROR(_xlfn.RANK.EQ(AD38, $AD$2:$AD$483), "") -> 189
A39: GUESS | B39: SHAOXING KEQIAO SPLEND TEXTILE CO., LTD | P39: =SUM(C39:I39,K39) -> 0 | Q39: =SUM(C39:J39,L39:O39) -> 0 | AD39: =SUM(R39:AC39) -> 0 | AE39: =IF(OR(AD39="", P39=""), 0, IFERROR((AD39-P39)/P39, IF(AD39<>0, 1, 0))) -> 0 | AF39: =IFERROR(_xlfn.RANK.EQ(AD39, $AD$2:$AD$483), "") -> 189
A40: GUESS | B40: PingHu Top Circle Knitting Co.,Ltd | P40: =SUM(C40:I40,K40) -> 0 | Q40: =SUM(C40:J40,L40:O40) -> 0 | AD40: =SUM(R40:AC40) -> 0 | AE40: =IF(OR(AD40="", P40=""), 0, IFERROR((AD40-P40)/P40, IF(AD40<>0, 1, 0))) -> 0 | AF40: =IFERROR(_xlfn.RANK.EQ(AD40, $AD$2:$AD$483), "") -> 189
A41: GUESS | B41: SUZHOU JCTEX CO LTD | P41: =SUM(C41:I41,K41) -> 0 | Q41: =SUM(C41:J41,L41:O41) -> 0 | AD41: =SUM(R41:AC41) -> 0 | AE41: =IF(OR(AD41="", P41=""), 0, IFERROR((AD41-P41)/P41, IF(AD41<>0, 1, 0))) -> 0 | AF41: =IFERROR(_xlfn.RANK.EQ(AD41, $AD$2:$AD$483), "") -> 189
A42: GUESS | B42: ZHANGJIAGANG FULAIHANG TEXTILE.,LTD | D42: 0 | E42: 0 | F42: 0 | G42: 0 | H42: 0 | I42: 0 | J42: 0 | L42: 0 | M42: 415170 | N42: 0 | O42: 0 | P42: =SUM(C42:I42,K42) -> 0 | Q42: =SUM(C42:J42,L42:O42) -> 415170 | R42: 380890 | T42: 0 | U42: 150850 | V42: 0 | W42: 0 | X42: 0 | Y42: 0 | AD42: =SUM(R42:AC42) -> 531740 | AE42: =IF(OR(AD42="", P42=""), 0, IFERROR((AD42-P42)/P42, IF(AD42<>0, 1, 0))) -> 1 | AF42: =IFERROR(_xlfn.RANK.EQ(AD42, $AD$2:$AD$483), "") -> 87
A43: GUESS | B43: SHANGHAI SAITE SILK I&E CO.,LTD | P43: =SUM(C43:I43,K43) -> 0 | Q43: =SUM(C43:J43,L43:O43) -> 0 | AD43: =SUM(R43:AC43) -> 0 | AE43: =IF(OR(AD43="", P43=""), 0, IFERROR((AD43-P43)/P43, IF(AD43<>0, 1, 0))) -> 0 | AF43: =IFERROR(_xlfn.RANK.EQ(AD43, $AD$2:$AD$483), "") -> 189
A44: GUESS | B44: HuaJin Textile Printing & Dyeing Co.,Ltd. | P44: =SUM(C44:I44,K44) -> 0 | Q44: =SUM(C44:J44,L44:O44) -> 0 | AD44: =SUM(R44:AC44) -> 0 | AE44: =IF(OR(AD44="", P44=""), 0, IFERROR((AD44-P44)/P44, IF(AD44<>0, 1, 0))) -> 0 | AF44: =IFERROR(_xlfn.RANK.EQ(AD44, $AD$2:$AD$483), "") -> 189
A45: GUESS | B45: Zhangjiagang Heydaytex Co., Ltd | P45: =SUM(C45:I45,K45) -> 0 | Q45: =SUM(C45:J45,L45:O45) -> 0 | AD45: =SUM(R45:AC45) -> 0 | AE45: =IF(OR(AD45="", P45=""), 0, IFERROR((AD45-P45)/P45, IF(AD45<>0, 1, 0))) -> 0 | AF45: =IFERROR(_xlfn.RANK.EQ(AD45, $AD$2:$AD$483), "") -> 189
A46: GUESS | B46: Fujian Hanggang Textile Co.,Ltd | P46: =SUM(C46:I46,K46) -> 0 | Q46: =SUM(C46:J46,L46:O46) -> 0 | AD46: =SUM(R46:AC46) -> 0 | AE46: =IF(OR(AD46="", P46=""), 0, IFERROR((AD46-P46)/P46, IF(AD46<>0, 1, 0))) -> 0 | AF46: =IFERROR(_xlfn.RANK.EQ(AD46, $AD$2:$AD$483), "") -> 189
A47: GUESS | B47: zhejiang huiming jacquard weaving co.ltd | P47: =SUM(C47:I47,K47) -> 0 | Q47: =SUM(C47:J47,L47:O47) -> 0 | AD47: =SUM(R47:AC47) -> 0 | AE47: =IF(OR(AD47="", P47=""), 0, IFERROR((AD47-P47)/P47, IF(AD47<>0, 1, 0))) -> 0 | AF47: =IFERROR(_xlfn.RANK.EQ(AD47, $AD$2:$AD$483), "") -> 189
A48: GUESS | B48: Wuxi Hanron Textile Co.,Ltd | D48: 0 | E48: 0 | F48: 0 | G48: 0 | H48: 160030 | I48: 0 | J48: 0 | K48: 0 | L48: 0 | M48: 0 | N48: 0 | O48: 0 | P48: =SUM(C48:I48,K48) -> 160030 | Q48: =SUM(C48:J48,L48:O48) -> 160030 | R48: 168860 | T48: 0 | U48: 0 | V48: 0 | W48: 0 | X48: 0 | Y48: 0 | AD48: =SUM(R48:AC48) -> 168860 | AE48: =IF(OR(AD48="", P48=""), 0, IFERROR((AD48-P48)/P48, IF(AD48<>0, 1, 0))) -> 0.055177154 | AF48: =IFERROR(_xlfn.RANK.EQ(AD48, $AD$2:$AD$483), "") -> 137
A49: GUESS | B49: SHAOXING DINGZHENG TEXTILE CO.,LTD | P49: =SUM(C49:I49,K49) -> 0 | Q49: =SUM(C49:J49,L49:O49) -> 0 | AD49: =SUM(R49:AC49) -> 0 | AE49: =IF(OR(AD49="", P49=""), 0, IFERROR((AD49-P49)/P49, IF(AD49<>0, 1, 0))) -> 0 | AF49: =IFERROR(_xlfn.RANK.EQ(AD49, $AD$2:$AD$483), "") -> 189
A50: GUESS | B50: EBTEX IMP.&EXP. CO. LTDORATION | P50: =SUM(C50:I50,K50) -> 0 | Q50: =SUM(C50:J50,L50:O50) -> 0 | AD50: =SUM(R50:AC50) -> 0 | AE50: =IF(OR(AD50="", P50=""), 0, IFERROR((AD50-P50)/P50, IF(AD50<>0, 1, 0))) -> 0 | AF50: =IFERROR(_xlfn.RANK.EQ(AD50, $AD$2:$AD$483), "") -> 189
A51: GUESS | B51: Shanghai Jionghan Garment accessories Co.Ltd | P51: =SUM(C51:I51,K51) -> 0 | Q51: =SUM(C51:J51,L51:O51) -> 0 | AD51: =SUM(R51:AC51) -> 0 | AE51: =IF(OR(AD51="", P51=""), 0, IFERROR((AD51-P51)/P51, IF(AD51<>0, 1, 0))) -> 0 | AF51: =IFERROR(_xlfn.RANK.EQ(AD51, $AD$2:$AD$483), "") -> 189
A52: GUESS | B52: suzhou unitedtex enterprise ltd | P52: =SUM(C52:I52,K52) -> 0 | Q52: =SUM(C52:J52,L52:O52) -> 0 | AD52: =SUM(R52:AC52) -> 0 | AE52: =IF(OR(AD52="", P52=""), 0, IFERROR((AD52-P52)/P52, IF(AD52<>0, 1, 0))) -> 0 | AF52: =IFERROR(_xlfn.RANK.EQ(AD52, $AD$2:$AD$483), "") -> 189
A53: GUESS | B53: Tongling Xinhe Printing and Dyeing Textile Co., Ltd | P53: =SUM(C53:I53,K53) -> 0 | Q53: =SUM(C53:J53,L53:O53) -> 0 | AD53: =SUM(R53:AC53) -> 0 | AE53: =IF(OR(AD53="", P53=""), 0, IFERROR((AD53-P53)/P53, IF(AD53<>0, 1, 0))) -> 0 | AF53: =IFERROR(_xlfn.RANK.EQ(AD53, $AD$2:$AD$483), "") -> 189
A54: GUESS | B54: JINJI TEXTILE CO.,ITD | P54: =SUM(C54:I54,K54) -> 0 | Q54: =SUM(C54:J54,L54:O54) -> 0 | AD54: =SUM(R54:AC54) -> 0 | AE54: =IF(OR(AD54="", P54=""), 0, IFERROR((AD54-P54)/P54, IF(AD54<>0, 1, 0))) -> 0 | AF54: =IFERROR(_xlfn.RANK.EQ(AD54, $AD$2:$AD$483), "") -> 189
A55: GUESS | B55: Suzhou Oracle Textile Technology Co.LTD | P55: =SUM(C55:I55,K55) -> 0 | Q55: =SUM(C55:J55,L55:O55) -> 0 | AD55: =SUM(R55:AC55) -> 0 | AE55: =IF(OR(AD55="", P55=""), 0, IFERROR((AD55-P55)/P55, IF(AD55<>0, 1, 0))) -> 0 | AF55: =IFERROR(_xlfn.RANK.EQ(AD55, $AD$2:$AD$483), "") -> 189
A56: GUESS | B56: Ningbo Bridge Power Imo&Exp Co.,Ltd | P56: =SUM(C56:I56,K56) -> 0 | Q56: =SUM(C56:J56,L56:O56) -> 0 | AD56: =SUM(R56:AC56) -> 0 | AE56: =IF(OR(AD56="", P56=""), 0, IFERROR((AD56-P56)/P56, IF(AD56<>0, 1, 0))) -> 0 | AF56: =IFERROR(_xlfn.RANK.EQ(AD56, $AD$2:$AD$483), "") -> 189
A57: GUESS | B57: shaoxing bele textile co.,ltd | D57: 0 | E57: 0 | F57: 0 | G57: 0 | H57: 0 | I57: 0 | J57: 0 | L57: 181330 | M57: 458590 | N57: 270820 | O57: 29380 | P57: =SUM(C57:I57,K57) -> 0 | Q57: =SUM(C57:J57,L57:O57) -> 940120 | AD57: =SUM(R57:AC57) -> 0 | AE57: =IF(OR(AD57="", P57=""), 0, IFERROR((AD57-P57)/P57, IF(AD57<>0, 1, 0))) -> 0 | AF57: =IFERROR(_xlfn.RANK.EQ(AD57, $AD$2:$AD$483), "") -> 189
A58: GUESS | B58: suzhou suojin textile & garment, co, ltd | D58: 0 | E58: 0 | F58: 0 | G58: 0 | H58: 0 | I58: 0 | J58: 0 | L58: 526930 | M58: 0 | N58: 0 | O58: 0 | P58: =SUM(C58:I58,K58) -> 0 | Q58: =SUM(C58:J58,L58:O58) -> 526930 | AD58: =SUM(R58:AC58) -> 0 | AE58: =IF(OR(AD58="", P58=""), 0, IFERROR((AD58-P58)/P58, IF(AD58<>0, 1, 0))) -> 0 | AF58: =IFERROR(_xlfn.RANK.EQ(AD58, $AD$2:$AD$483), "") -> 189
A59: GUESS | B59: Tianhai Lace Co.,Ltd | D59: 0 | E59: 0 | F59: 0 | G59: 0 | H59: 0 | I59: 0 | J59: 0 | L59: 269960 | M59: 0 | N59: 0 | O59: 0 | P59: =SUM(C59:I59,K59) -> 0 | Q59: =SUM(C59:J59,L59:O59) -> 269960 | AD59: =SUM(R59:AC59) -> 0 | AE59: =IF(OR(AD59="", P59=""), 0, IFERROR((AD59-P59)/P59, IF(AD59<>0, 1, 0))) -> 0 | AF59: =IFERROR(_xlfn.RANK.EQ(AD59, $AD$2:$AD$483), "") -> 189
A60: GUESS | B60: SUZHOU WENCHEN TEXTILE CO.,LTD | D60: 0 | E60: 0 | F60: 0 | G60: 0 | H60: 27470 | I60: 0 | J60: 0 | K60: 0 | L60: 0 | M60: 0 | N60: 0 | O60: 0 | P60: =SUM(C60:I60,K60) -> 27470 | Q60: =SUM(C60:J60,L60:O60) -> 27470 | AD60: =SUM(R60:AC60) -> 0 | AE60: =IF(OR(AD60="", P60=""), 0, IFERROR((AD60-P60)/P60, IF(AD60<>0, 1, 0))) -> -1 | AF60: =IFERROR(_xlfn.RANK.EQ(AD60, $AD$2:$AD$483), "") -> 189
A61: GUESS | B61: WUXIBAILI CLOTHING CO.LTD | P61: =SUM(C61:I61,K61) -> 0 | Q61: =SUM(C61:J61,L61:O61) -> 0 | AD61: =SUM(R61:AC61) -> 0 | AE61: =IF(OR(AD61="", P61=""), 0, IFERROR((AD61-P61)/P61, IF(AD61<>0, 1, 0))) -> 0 | AF61: =IFERROR(_xlfn.RANK.EQ(AD61, $AD$2:$AD$483), "") -> 189
A62: GUESS | B62: Suzhou Dongyi International Trade Co.,Ltd. | P62: =SUM(C62:I62,K62) -> 0 | Q62: =SUM(C62:J62,L62:O62) -> 0 | AD62: =SUM(R62:AC62) -> 0 | AE62: =IF(OR(AD62="", P62=""), 0, IFERROR((AD62-P62)/P62, IF(AD62<>0, 1, 0))) -> 0 | AF62: =IFERROR(_xlfn.RANK.EQ(AD62, $AD$2:$AD$483), "") -> 189
A63: GUESS | B63: Shanghai SACO Knitting Co.,Ltd | P63: =SUM(C63:I63,K63) -> 0 | Q63: =SUM(C63:J63,L63:O63) -> 0 | AD63: =SUM(R63:AC63) -> 0 | AE63: =IF(OR(AD63="", P63=""), 0, IFERROR((AD63-P63)/P63, IF(AD63<>0, 1, 0))) -> 0 | AF63: =IFERROR(_xlfn.RANK.EQ(AD63, $AD$2:$AD$483), "") -> 189
A64: GUESS | B64: Suzhou Dragonfly Textile Co.,Ltd | P64: =SUM(C64:I64,K64) -> 0 | Q64: =SUM(C64:J64,L64:O64) -> 0 | AD64: =SUM(R64:AC64) -> 0 | AE64: =IF(OR(AD64="", P64=""), 0, IFERROR((AD64-P64)/P64, IF(AD64<>0, 1, 0))) -> 0 | AF64: =IFERROR(_xlfn.RANK.EQ(AD64, $AD$2:$AD$483), "") -> 189
A65: GUESS | B65: HUAREN LINEN CO.LTD | P65: =SUM(C65:I65,K65) -> 0 | Q65: =SUM(C65:J65,L65:O65) -> 0 | AD65: =SUM(R65:AC65) -> 0 | AE65: =IF(OR(AD65="", P65=""), 0, IFERROR((AD65-P65)/P65, IF(AD65<>0, 1, 0))) -> 0 | AF65: =IFERROR(_xlfn.RANK.EQ(AD65, $AD$2:$AD$483), "") -> 189
A66: GUESS | B66: Otti(suzhou)clothing Fitting Co.,Ltd | P66: =SUM(C66:I66,K66) -> 0 | Q66: =SUM(C66:J66,L66:O66) -> 0 | AD66: =SUM(R66:AC66) -> 0 | AE66: =IF(OR(AD66="", P66=""), 0, IFERROR((AD66-P66)/P66, IF(AD66<>0, 1, 0))) -> 0 | AF66: =IFERROR(_xlfn.RANK.EQ(AD66, $AD$2:$AD$483), "") -> 189
A67: GUESS | B67: (주)에이디엘코리아 | P67: =SUM(C67:I67,K67) -> 0 | Q67: =SUM(C67:J67,L67:O67) -> 0 | R67: 29470 | T67: 0 | U67: 0 | V67: 0 | W67: 0 | X67: 0 | Y67: 0 | AD67: =SUM(R67:AC67) -> 29470 | AE67: =IF(OR(AD67="", P67=""), 0, IFERROR((AD67-P67)/P67, IF(AD67<>0, 1, 0))) -> 1 | AF67: =IFERROR(_xlfn.RANK.EQ(AD67, $AD$2:$AD$483), "") -> 182
A68: GUESS | B68: weihai textile group Imp&Exp Co.,LTD | P68: =SUM(C68:I68,K68) -> 0 | Q68: =SUM(C68:J68,L68:O68) -> 0 | W68: 366670 | X68: 0 | Y68: 0 | AD68: =SUM(R68:AC68) -> 366670 | AE68: =IF(OR(AD68="", P68=""), 0, IFERROR((AD68-P68)/P68, IF(AD68<>0, 1, 0))) -> 1 | AF68: =IFERROR(_xlfn.RANK.EQ(AD68, $AD$2:$AD$483), "") -> 106
A69: F21 OpCo, LLC | B69: SHANGHAI FEICHUAN IMP&EXP CORP | C69: 6547160 | D69: 1340650 | E69: 1238080 | F69: 0 | G69: 0 | H69: 0 | I69: 0 | J69: 0 | K69: 0 | L69: 0 | M69: 0 | N69: 0 | O69: 0 | P69: =SUM(C69:I69,K69) -> 9125890 | Q69: =SUM(C69:J69,L69:O69) -> 9125890 | AD69: =SUM(R69:AC69) -> 0 | AE69: =IF(OR(AD69="", P69=""), 0, IFERROR((AD69-P69)/P69, IF(AD69<>0, 1, 0))) -> -1 | AF69: =IFERROR(_xlfn.RANK.EQ(AD69, $AD$2:$AD$483), "") -> 189
A70: F21 OpCo, LLC | B70: Yashun garment co.,ltd | C70: 7386580 | D70: 0 | E70: 0 | F70: 0 | G70: 0 | H70: 0 | I70: 0 | J70: 0 | K70: 0 | L70: 0 | M70: 0 | N70: 0 | O70: 0 | P70: =SUM(C70:I70,K70) -> 7386580 | Q70: =SUM(C70:J70,L70:O70) -> 7386580 | AD70: =SUM(R70:AC70) -> 0 | AE70: =IF(OR(AD70="", P70=""), 0, IFERROR((AD70-P70)/P70, IF(AD70<>0, 1, 0))) -> -1 | AF70: =IFERROR(_xlfn.RANK.EQ(AD70, $AD$2:$AD$483), "") -> 189
A71: F21 OpCo, LLC | B71: Shaoxing New Life Textile&Garment Co.,Ltd | C71: 5580480 | D71: 1468720 | E71: 0 | F71: 0 | G71: 0 | H71: 0 | I71: 0 | J71: 0 | K71: 0 | L71: 0 | M71: 0 | N71: 0 | O71: 0 | P71: =SUM(C71:I71,K71) -> 7049200 | Q71: =SUM(C71:J71,L71:O71) -> 7049200 | AD71: =SUM(R71:AC71) -> 0 | AE71: =IF(OR(AD71="", P71=""), 0, IFERROR((AD71-P71)/P71, IF(AD71<>0, 1, 0))) -> -1 | AF71: =IFERROR(_xlfn.RANK.EQ(AD71, $AD$2:$AD$483), "") -> 189
A72: F21 OpCo, LLC | B72: YOUNG PLUS TRADING HK CO., LTD | C72: 5730840 | D72: 424330 | E72: 0 | F72: 0 | G72: 0 | H72: 0 | I72: 0 | J72: 0 | K72: 0 | L72: 0 | M72: 0 | N72: 0 | O72: 0 | P72: =SUM(C72:I72,K72) -> 6155170 | Q72: =SUM(C72:J72,L72:O72) -> 6155170 | AD72: =SUM(R72:AC72) -> 0 | AE72: =IF(OR(AD72="", P72=""), 0, IFERROR((AD72-P72)/P72, IF(AD72<>0, 1, 0))) -> -1 | AF72: =IFERROR(_xlfn.RANK.EQ(AD72, $AD$2:$AD$483), "") -> 189
A73: F21 OpCo, LLC | B73: Shanghai Toex International Trading Co., Ltd | C73: 3638570 | D73: 1602260 | E73: 0 | F73: 0 | G73: 0 | H73: 0 | I73: 0 | J73: 0 | K73: 0 | L73: 0 | M73: 0 | N73: 0 | O73: 0 | P73: =SUM(C73:I73,K73) -> 5240830 | Q73: =SUM(C73:J73,L73:O73) -> 5240830 | AD73: =SUM(R73:AC73) -> 0 | AE73: =IF(OR(AD73="", P73=""), 0, IFERROR((AD73-P73)/P73, IF(AD73<>0, 1, 0))) -> -1 | AF73: =IFERROR(_xlfn.RANK.EQ(AD73, $AD$2:$AD$483), "") -> 189
A74: F21 OpCo, LLC | B74: BONA INDUSTRIAL CO.,LIMITED | C74: 3096880 | D74: 492720 | E74: 138920 | F74: 0 | G74: 0 | H74: 0 | I74: 0 | J74: 0 | K74: 0 | L74: 0 | M74: 0 | N74: 0 | O74: 0 | P74: =SUM(C74:I74,K74) -> 3728520 | Q74: =SUM(C74:J74,L74:O74) -> 3728520 | AD74: =SUM(R74:AC74) -> 0 | AE74: =IF(OR(AD74="", P74=""), 0, IFERROR((AD74-P74)/P74, IF(AD74<>0, 1, 0))) -> -1 | AF74: =IFERROR(_xlfn.RANK.EQ(AD74, $AD$2:$AD$483), "") -> 189
A75: F21 OpCo, LLC | B75: ZHENGXIN FASHION(SHENZHEN)CO.,LTD | C75: 2881050 | D75: 464870 | E75: 0 | F75: 0 | G75: 0 | H75: 0 | I75: 0 | J75: 0 | K75: 0 | L75: 0 | M75: 0 | N75: 0 | O75: 0 | P75: =SUM(C75:I75,K75) -> 3345920 | Q75: =SUM(C75:J75,L75:O75) -> 3345920 | AD75: =SUM(R75:AC75) -> 0 | AE75: =IF(OR(AD75="", P75=""), 0, IFERROR((AD75-P75)/P75, IF(AD75<>0, 1, 0))) -> -1 | AF75: =IFERROR(_xlfn.RANK.EQ(AD75, $AD$2:$AD$483), "") -> 189
A76: F21 OpCo, LLC | B76: MANREN (H.K.) ENTERPRISE LIMITED | C76: 1104560 | D76: 0 | E76: 0 | F76: 0 | G76: 0 | H76: 0 | I76: 0 | J76: 0 | K76: 0 | L76: 0 | M76: 0 | N76: 0 | O76: 0 | P76: =SUM(C76:I76,K76) -> 1104560 | Q76: =SUM(C76:J76,L76:O76) -> 1104560 | AD76: =SUM(R76:AC76) -> 0 | AE76: =IF(OR(AD76="", P76=""), 0, IFERROR((AD76-P76)/P76, IF(AD76<>0, 1, 0))) -> -1 | AF76: =IFERROR(_xlfn.RANK.EQ(AD76, $AD$2:$AD$483), "") -> 189
A77: F21 OpCo, LLC | B77: NARA INTERNATIONAL TRADING LIMITED | C77: 758770 | D77: 0 | E77: 0 | F77: 0 | G77: 0 | H77: 0 | I77: 0 | J77: 0 | K77: 0 | L77: 0 | M77: 0 | N77: 0 | O77: 0 | P77: =SUM(C77:I77,K77) -> 758770 | Q77: =SUM(C77:J77,L77:O77) -> 758770 | AD77: =SUM(R77:AC77) -> 0 | AE77: =IF(OR(AD77="", P77=""), 0, IFERROR((AD77-P77)/P77, IF(AD77<>0, 1, 0))) -> -1 | AF77: =IFERROR(_xlfn.RANK.EQ(AD77, $AD$2:$AD$483), "") -> 189
A78: F21 OpCo, LLC | B78: INTEC LTD | C78: 711420 | D78: 43600 | E78: 0 | F78: 0 | G78: 0 | H78: 0 | I78: 0 | J78: 0 | K78: 0 | L78: 0 | M78: 0 | N78: 0 | O78: 0 | P78: =SUM(C78:I78,K78) -> 755020 | Q78: =SUM(C78:J78,L78:O78) -> 755020 | AD78: =SUM(R78:AC78) -> 0 | AE78: =IF(OR(AD78="", P78=""), 0, IFERROR((AD78-P78)/P78, IF(AD78<>0, 1, 0))) -> -1 | AF78: =IFERROR(_xlfn.RANK.EQ(AD78, $AD$2:$AD$483), "") -> 189
A79: F21 OpCo, LLC | B79: C&C NANTONG CATHAY CLOTHING CO.,LTD | C79: 165460 | D79: 324180 | E79: 0 | F79: 0 | G79: 0 | H79: 0 | I79: 0 | J79: 0 | K79: 0 | L79: 0 | M79: 0 | N79: 0 | O79: 0 | P79: =SUM(C79:I79,K79) -> 489640 | Q79: =SUM(C79:J79,L79:O79) -> 489640 | AD79: =SUM(R79:AC79) -> 0 | AE79: =IF(OR(AD79="", P79=""), 0, IFERROR((AD79-P79)/P79, IF(AD79<>0, 1, 0))) -> -1 | AF79: =IFERROR(_xlfn.RANK.EQ(AD79, $AD$2:$AD$483), "") -> 189
A80: F21 OpCo, LLC | B80: DONGGUAN YONGDIAN CLOTHING CO.,LTD | C80: 471820 | D80: 0 | E80: 0 | F80: 0 | G80: 0 | H80: 0 | I80: 0 | J80: 0 | K80: 0 | L80: 0 | M80: 0 | N80: 0 | O80: 0 | P80: =SUM(C80:I80,K80) -> 471820 | Q80: =SUM(C80:J80,L80:O80) -> 471820 | AD80: =SUM(R80:AC80) -> 0 | AE80: =IF(OR(AD80="", P80=""), 0, IFERROR((AD80-P80)/P80, IF(AD80<>0, 1, 0))) -> -1 | AF80: =IFERROR(_xlfn.RANK.EQ(AD80, $AD$2:$AD$483), "") -> 189
... A84: F21 OpCo, LLC | B84: GuangZhou Olssen Garment Co.,Ltd | C84: 176360 | D84: 0 | E84: 0 | F84: 0 | G84: 0 | H84: 0 | I84: 0 | J84: 0 | K84: 0 | L84: 0 | M84: 0 | N84: 0 | O84: 0 | P84: =SUM(C84:I84,K84) -> 176360 | Q84: =SUM(C84:J84,L84:O84) -> 176360 | AD84: =SUM(R84:AC84) -> 0 | AE84: =IF(OR(AD84="", P84=""), 0, IFERROR((AD84-P84)/P84, IF(AD84<>0, 1, 0))) -> -1 | AF84: =IFERROR(_xlfn.RANK.EQ(AD84, $AD$2:$AD$483), "") -> 189
A85: F21 OpCo, LLC | B85: Fashion Accents LLC | D85: 149710 | E85: 0 | F85: 0 | G85: 0 | H85: 0 | I85: 0 | J85: 0 | K85: 0 | L85: 0 | M85: 0 | N85: 0 | O85: 0 | P85: =SUM(C85:I85,K85) -> 149710 | Q85: =SUM(C85:J85,L85:O85) -> 149710 | AD85: =SUM(R85:AC85) -> 0 | AE85: =IF(OR(AD85="", P85=""), 0, IFERROR((AD85-P85)/P85, IF(AD85<>0, 1, 0))) -> -1 | AF85: =IFERROR(_xlfn.RANK.EQ(AD85, $AD$2:$AD$483), "") -> 189
A86: F21 OpCo, LLC | B86: Grand Apparel Designs | C86: 136760 | D86: 0 | E86: 0 | F86: 0 | G86: 0 | H86: 0 | I86: 0 | J86: 0 | K86: 0 | L86: 0 | M86: 0 | N86: 0 | O86: 0 | P86: =SUM(C86:I86,K86) -> 136760 | Q86: =SUM(C86:J86,L86:O86) -> 136760 | AD86: =SUM(R86:AC86) -> 0 | AE86: =IF(OR(AD86="", P86=""), 0, IFERROR((AD86-P86)/P86, IF(AD86<>0, 1, 0))) -> -1 | AF86: =IFERROR(_xlfn.RANK.EQ(AD86, $AD$2:$AD$483), "") -> 189
A87: F21 OpCo, LLC | B87: SHAOXING LADIES TEXTILE&GARMENT CO .,LTD | D87: 0 | E87: 74020 | F87: 0 | G87: 0 | H87: 0 | I87: 0 | J87: 0 | K87: 0 | L87: 0 | M87: 0 | N87: 0 | O87: 0 | P87: =SUM(C87:I87,K87) -> 74020 | Q87: =SUM(C87:J87,L87:O87) -> 74020 | AD87: =SUM(R87:AC87) -> 0 | AE87: =IF(OR(AD87="", P87=""), 0, IFERROR((AD87-P87)/P87, IF(AD87<>0, 1, 0))) -> -1 | AF87: =IFERROR(_xlfn.RANK.EQ(AD87, $AD$2:$AD$483), "") -> 189
A88: F21 OpCo, LLC | B88: J&G INTERNATIONAL | C88: 31750 | D88: 0 | E88: 0 | F88: 0 | G88: 0 | H88: 0 | I88: 0 | J88: 0 | K88: 0 | L88: 0 | M88: 0 | N88: 0 | O88: 0 | P88: =SUM(C88:I88,K88) -> 31750 | Q88: =SUM(C88:J88,L88:O88) -> 31750 | AD88: =SUM(R88:AC88) -> 0 | AE88: =IF(OR(AD88="", P88=""), 0, IFERROR((AD88-P88)/P88, IF(AD88<>0, 1, 0))) -> -1 | AF88: =IFERROR(_xlfn.RANK.EQ(AD88, $AD$2:$AD$483), "") -> 189
A89: F21 OpCo, LLC | B89: SuZhou TJ Sportswear Co., Ltd. | P89: =SUM(C89:I89,K89) -> 0 | Q89: =SUM(C89:J89,L89:O89) -> 0 | AD89: =SUM(R89:AC89) -> 0 | AE89: =IF(OR(AD89="", P89=""), 0, IFERROR((AD89-P89)/P89, IF(AD89<>0, 1, 0))) -> 0 | AF89: =IFERROR(_xlfn.RANK.EQ(AD89, $AD$2:$AD$483), "") -> 189
A90: F21 OpCo, LLC | B90: UNITED RULES GARMENT CO.,LTD | P90: =SUM(C90:I90,K90) -> 0 | Q90: =SUM(C90:J90,L90:O90) -> 0 | AD90: =SUM(R90:AC90) -> 0 | AE90: =IF(OR(AD90="", P90=""), 0, IFERROR((AD90-P90)/P90, IF(AD90<>0, 1, 0))) -> 0 | AF90: =IFERROR(_xlfn.RANK.EQ(AD90, $AD$2:$AD$483), "") -> 189
A91: F21 OpCo, LLC | B91: Suzhou Jstart Silk Fashion Co.,LTD | P91: =SUM(C91:I91,K91) -> 0 | Q91: =SUM(C91:J91,L91:O91) -> 0 | AD91: =SUM(R91:AC91) -> 0 | AE91: =IF(OR(AD91="", P91=""), 0, IFERROR((AD91-P91)/P91, IF(AD91<>0, 1, 0))) -> 0 | AF91: =IFERROR(_xlfn.RANK.EQ(AD91, $AD$2:$AD$483), "") -> 189
A92: F21 OpCo, LLC | B92: COCOLOVE APPAREL INC | P92: =SUM(C92:I92,K92) -> 0 | Q92: =SUM(C92:J92,L92:O92) -> 0 | AD92: =SUM(R92:AC92) -> 0 | AE92: =IF(OR(AD92="", P92=""), 0, IFERROR((AD92-P92)/P92, IF(AD92<>0, 1, 0))) -> 0 | AF92: =IFERROR(_xlfn.RANK.EQ(AD92, $AD$2:$AD$483), "") -> 189
A93: F21 OpCo, LLC | B93: REGENTEX LTD | P93: =SUM(C93:I93,K93) -> 0 | Q93: =SUM(C93:J93,L93:O93) -> 0 | AD93: =SUM(R93:AC93) -> 0 | AE93: =IF(OR(AD93="", P93=""), 0, IFERROR((AD93-P93)/P93, IF(AD93<>0, 1, 0))) -> 0 | AF93: =IFERROR(_xlfn.RANK.EQ(AD93, $AD$2:$AD$483), "") -> 189
A94: F21 OpCo, LLC | B94: ILLUMA FASHION INC | P94: =SUM(C94:I94,K94) -> 0 | Q94: =SUM(C94:J94,L94:O94) -> 0 | AD94: =SUM(R94:AC94) -> 0 | AE94: =IF(OR(AD94="", P94=""), 0, IFERROR((AD94-P94)/P94, IF(AD94<>0, 1, 0))) -> 0 | AF94: =IFERROR(_xlfn.RANK.EQ(AD94, $AD$2:$AD$483), "") -> 189
A95: F21 OpCo, LLC | B95: Bristar Int'l Co. Ltd | P95: =SUM(C95:I95,K95) -> 0 | Q95: =SUM(C95:J95,L95:O95) -> 0 | AD95: =SUM(R95:AC95) -> 0 | AE95: =IF(OR(AD95="", P95=""), 0, IFERROR((AD95-P95)/P95, IF(AD95<>0, 1, 0))) -> 0 | AF95: =IFERROR(_xlfn.RANK.EQ(AD95, $AD$2:$AD$483), "") -> 189
A96: F21 OpCo, LLC | B96: Fanchang Qiuhan Garments Co.,LTD | P96: =SUM(C96:I96,K96) -> 0 | Q96: =SUM(C96:J96,L96:O96) -> 0 | AD96: =SUM(R96:AC96) -> 0 | AE96: =IF(OR(AD96="", P96=""), 0, IFERROR((AD96-P96)/P96, IF(AD96<>0, 1, 0))) -> 0 | AF96: =IFERROR(_xlfn.RANK.EQ(AD96, $AD$2:$AD$483), "") -> 189
A97: F21 OpCo, LLC | B97: YIWU RUISHENG IMPORT&EXPORT CO.,LTD | P97: =SUM(C97:I97,K97) -> 0 | Q97: =SUM(C97:J97,L97:O97) -> 0 | AD97: =SUM(R97:AC97) -> 0 | AE97: =IF(OR(AD97="", P97=""), 0, IFERROR((AD97-P97)/P97, IF(AD97<>0, 1, 0))) -> 0 | AF97: =IFERROR(_xlfn.RANK.EQ(AD97, $AD$2:$AD$483), "") -> 189
A98: F21 OpCo, LLC | B98: Suzhou Gleao Co., Ltd | P98: =SUM(C98:I98,K98) -> 0 | Q98: =SUM(C98:J98,L98:O98) -> 0 | AD98: =SUM(R98:AC98) -> 0 | AE98: =IF(OR(AD98="", P98=""), 0, IFERROR((AD98-P98)/P98, IF(AD98<>0, 1, 0))) -> 0 | AF98: =IFERROR(_xlfn.RANK.EQ(AD98, $AD$2:$AD$483), "") -> 189
A99: F21 OpCo, LLC | B99: MENGLUFUSHI | P99: =SUM(C99:I99,K99) -> 0 | Q99: =SUM(C99:J99,L99:O99) -> 0 | AD99: =SUM(R99:AC99) -> 0 | AE99: =IF(OR(AD99="", P99=""), 0, IFERROR((AD99-P99)/P99, IF(AD99<>0, 1, 0))) -> 0 | AF99: =IFERROR(_xlfn.RANK.EQ(AD99, $AD$2:$AD$483), "") -> 189
A100: F21 OpCo, LLC | B100: ShaoXing Bateng Clothing Co.,Ltd | P100: =SUM(C100:I100,K100) -> 0 | Q100: =SUM(C100:J100,L100:O100) -> 0 | AD100: =SUM(R100:AC100) -> 0 | AE100: =IF(OR(AD100="", P100=""), 0, IFERROR((AD100-P100)/P100, IF(AD100<>0, 1, 0))) -> 0 | AF100: =IFERROR(_xlfn.RANK.EQ(AD100, $AD$2:$AD$483), "") -> 189
... A121: F21 OpCo, LLC | B121: guangzhou xingsheng fuzhuang | P121: =SUM(C121:I121,K121) -> 0 | Q121: =SUM(C121:J121,L121:O121) -> 0 | AD121: =SUM(R121:AC121) -> 0 | AE121: =IF(OR(AD121="", P121=""), 0, IFERROR((AD121-P121)/P121, IF(AD121<>0, 1, 0))) -> 0 | AF121: =IFERROR(_xlfn.RANK.EQ(AD121, $AD$2:$AD$483), "") -> 189
A122: COLOSSEUM | B122: JIANGYIN QIHONG TEXTILE CO., LTD | C122: 29330 | D122: 638570 | E122: 5687640 | F122: 1081750 | G122: 204580 | H122: 1214920 | I122: 0 | J122: 101040 | K122: 101040 | L122: 228460 | M122: 2293650 | N122: 402530 | O122: 0 | P122: =SUM(C122:I122,K122) -> 8957830 | Q122: =SUM(C122:J122,L122:O122) -> 11882470 | R122: 228610 | T122: 3524630 | U122: 2154670 | V122: 1818000 | W122: 5595890 | X122: 7476510 | Y122: 87760 | AD122: =SUM(R122:AC122) -> 20886070 | AE122: =IF(OR(AD122="", P122=""), 0, IFERROR((AD122-P122)/P122, IF(AD122<>0, 1, 0))) -> 1.3315993 | AF122: =IFERROR(_xlfn.RANK.EQ(AD122, $AD$2:$AD$483), "") -> 2
A123: COLOSSEUM | B123: Zhangjiagang Bocheng Garment Co.LTD | D123: 0 | E123: 0 | F123: 0 | G123: 4590160 | H123: 1871690 | I123: 276520 | J123: 0 | K123: 0 | L123: 0 | M123: 87950 | N123: 44770 | O123: 0 | P123: =SUM(C123:I123,K123) -> 6738370 | Q123: =SUM(C123:J123,L123:O123) -> 6871090 | V123: 1277930 | W123: 1048150 | X123: 3822060 | Y123: 191810 | AD123: =SUM(R123:AC123) -> 6339950 | AE123: =IF(OR(AD123="", P123=""), 0, IFERROR((AD123-P123)/P123, IF(AD123<>0, 1, 0))) -> -0.059127059 | AF123: =IFERROR(_xlfn.RANK.EQ(AD123, $AD$2:$AD$483), "") -> 10
...

Sheet KC part
A1: 바이어명 | B1: 업체명 | C1: 25년 1월 | D1: 25년 2월 | E1: 25년 3월 | F1: 25년 4월 | G1: 25년 5월 | H1: 25년 6월 | I1: 25년 7월 | J1: 25년 8월 | K1: 25년 8월 (~25일) | L1: 25년 9월 | M1: 25년 10월 | N1: 25년 11월 | O1: 25년 12월 | P1: 25년 합계 (~8월 25일) | Q1: 25년 합계 | R1: 26년 1월 | S1: 26년 2월 | T1: 26년 3월 | U1: 26년 4월 | V1: 26년 5월 | W1: 26년 6월 | X1: 26년 7월 | Y1: 26년 8월 (~25일) | Z1: 26년 9월 | AA1: 26년 10월 | AB1: 26년 11월 | AC1: 26년 12월 | AD1: 26년 합계 | AE1: 증감율 | AF1: 업체 순위
A2: (주)이랜드 | B2: NANTONG FOREMOST HEADWEARS CO.,LTD | C2: 1196750 | D2: 11577150 | E2: 6954250 | F2: 1072500 | G2: 1353600 | H2: 8845150 | I2: 9541150 | J2: 4400450 | K2: 3855950 | L2: 968000 | M2: 2029100 | N2: 2873500 | O2: 9458000 | P2: =SUM(C2:I2,K2) -> 44396500 | Q2: =SUM(C2:J2,L2:O2) -> 60269600 | R2: 13572400 | S2: 5529400 | T2: 2603300 | U2: 1853700 | V2: 900400 | W2: 8343700 | X2: 3433400 | Y2: 5585700 | AD2: =SUM(R2:AC2) -> 41822000 | AE2: =IF(OR(AD2="", P2=""), 0, IFERROR((AD2-P2)/P2, IF(AD2<>0, 1, 0))) -> -0.057988805 | AF2: =IFERROR(_xlfn.RANK.EQ(AD2, $AD$2:$AD$2064), "") -> 3 | AH2: 행 레이블 | AI2: 합계 : 25년 합계 | AJ2: 합계 : 26년 합계 | AK2: 증감수수료 | AL2: 증감율
A3: (주)이랜드 | B3: ANNA | C3: 2754050 | D3: 1239000 | E3: 3167700 | F3: 6051500 | G3: 3674000 | H3: 4060000 | I3: 5826000 | J3: 1937000 | K3: 1536800 | L3: 2969900 | M3: 4106800 | N3: 5160100 | O3: 9135000 | P3: =SUM(C3:I3,K3) -> 28309050 | Q3: =SUM(C3:J3,L3:O3) -> 50081050 | R3: 7283950 | S3: 3948250 | T3: 7697400 | U3: 5603650 | V3: 1462900 | W3: 3889100 | X3: 8150200 | Y3: 9796500 | AD3: =SUM(R3:AC3) -> 47831950 | AE3: =IF(OR(AD3="", P3=""), 0, IFERROR((AD3-P3)/P3, IF(AD3<>0, 1, 0))) -> 0.68963459 | AF3: =IFERROR(_xlfn.RANK.EQ(AD3, $AD$2:$AD$2064), "") -> 2 | AH3: (주)이랜드 | AI3: 782813390 | AJ3: 679112630 | AK3: =AJ3-AI3 -> -103700760 | AL3: =IFERROR((AJ3-AI3)/AI3, 0) -> -0.13247188
A4: (주)이랜드 | B4: 훙레이 | C4: 2818000 | D4: 1185000 | E4: 3698250 | F4: 5009500 | G4: 1053450 | H4: 1715450 | I4: 2603000 | J4: 2628800 | K4: 2002350 | L4: 610400 | M4: 2139750 | N4: 2515800 | O4: 4697700 | P4: =SUM(C4:I4,K4) -> 20085000 | Q4: =SUM(C4:J4,L4:O4) -> 30675100 | R4: 6455400 | S4: 905000 | T4: 4673000 | U4: 4943600 | V4: 2827850 | W4: 1447450 | X4: 2645950 | Y4: 1883400 | AD4: =SUM(R4:AC4) -> 25781650 | AE4: =IF(OR(AD4="", P4=""), 0, IFERROR((AD4-P4)/P4, IF(AD4<>0, 1, 0))) -> 0.28362708 | AF4: =IFERROR(_xlfn.RANK.EQ(AD4, $AD$2:$AD$2064), "") -> 11 | AH4: - | AI4: 238616440 | AJ4: 315838070 | AK4: =AJ4-AI4 -> 77221630 | AL4: =IFERROR((AJ4-AI4)/AI4, 0) -> 0.32362242
A5: (주)이랜드 | B5: SUIZHOU JIAN KNITTING CO.,LTD | C5: 3956850 | D5: 608400 | E5: 6417270 | F5: 864200 | G5: 320550 | H5: 714400 | I5: 732000 | J5: 439850 | K5: 439850 | L5: 4005850 | M5: 144150 | N5: 1080270 | O5: 1753200 | P5: =SUM(C5:I5,K5) -> 14053520 | Q5: =SUM(C5:J5,L5:O5) -> 21036990 | R5: 1219200 | S5: 184800 | T5: 3596590 | U5: 838370 | V5: 992100 | W5: 774750 | X5: 1208400 | Y5: 321250 | AD5: =SUM(R5:AC5) -> 9135460 | AE5: =IF(OR(AD5="", P5=""), 0, IFERROR((AD5-P5)/P5, IF(AD5<>0, 1, 0))) -> -0.34995218 | AF5: =IFERROR(_xlfn.RANK.EQ(AD5, $AD$2:$AD$2064), "") -> 38 | AH5: 주식회사 아성다이소 | AI5: 71400300 | AJ5: 108273450 | AK5: =AJ5-AI5 -> 36873150 | AL5: =IFERROR((AJ5-AI5)/AI5, 0) -> 0.5164285
A6: (주)이랜드 | B6: MIDDM GUOJIMAOYI | C6: 496700 | D6: 1399950 | E6: 4061500 | F6: 4826240 | G6: 1228900 | H6: 711570 | I6: 1772450 | J6: 1094350 | K6: 1014050 | L6: 1023470 | M6: 670900 | N6: 1219150 | O6: 2959280 | P6: =SUM(C6:I6,K6) -> 15511360 | Q6: =SUM(C6:J6,L6:O6) -> 21464460 | R6: 234600 | T6: 222700 | U6: 0 | V6: 0 | W6: 0 | X6: 0 | Y6: 230550 | AD6: =SUM(R6:AC6) -> 687850 | AE6: =IF(OR(AD6="", P6=""), 0, IFERROR((AD6-P6)/P6, IF(AD6<>0, 1, 0))) -> -0.95565508 | AF6: =IFERROR(_xlfn.RANK.EQ(AD6, $AD$2:$AD$2064), "") -> 383 | AH6: (주)건종 | AI6: 77849500 | AJ6: 80551550 | AK6: =AJ6-AI6 -> 2702050 | AL6: =IFERROR((AJ6-AI6)/AI6, 0) -> 0.034708637
A7: (주)이랜드 | B7: WISH TRADING(SHANGHAI) CO., LTD. | C7: 2538200 | D7: 520020 | E7: 3288350 | F7: 1635350 | G7: 2713600 | H7: 2942520 | I7: 3805410 | J7: 3726970 | K7: 2687320 | L7: 1223500 | M7: 1277350 | N7: 5713530 | O7: 3552100 | P7: =SUM(C7:I7,K7) -> 20130770 | Q7: =SUM(C7:J7,L7:O7) -> 32936900 | R7: 1583520 | S7: 308950 | T7: 1850820 | U7: 2516220 | V7: 3759370 | W7: 813070 | X7: 366670 | Y7: 1780720 | AD7: =SUM(R7:AC7) -> 12979340 | AE7: =IF(OR(AD7="", P7=""), 0, IFERROR((AD7-P7)/P7, IF(AD7<>0, 1, 0))) -> -0.35524871 | AF7: =IFERROR(_xlfn.RANK.EQ(AD7, $AD$2:$AD$2064), "") -> 28 | AH7: (주)티비에이치글로벌 | AI7: 68862310 | AJ7: 59896740 | AK7: =AJ7-AI7 -> -8965570 | AL7: =IFERROR((AJ7-AI7)/AI7, 0) -> -0.1301956
A8: (주)이랜드 | B8: NINGBO DONGCHEN | C8: 938800 | D8: 2487300 | E8: 3852600 | F8: 1740050 | G8: 1317900 | H8: 2111720 | I8: 2941600 | J8: 1328650 | K8: 1190800 | L8: 6798040 | M8: 2096540 | N8: 1860570 | O8: 2425650 | P8: =SUM(C8:I8,K8) -> 16580770 | Q8: =SUM(C8:J8,L8:O8) -> 29899420 | R8: 3272820 | S8: 2334850 | T8: 2843050 | U8: 1704800 | V8: 1472580 | W8: 1367470 | X8: 3509500 | Y8: 1924600 | AD8: =SUM(R8:AC8) -> 18429670 | AE8: =IF(OR(AD8="", P8=""), 0, IFERROR((AD8-P8)/P8, IF(AD8<>0, 1, 0))) -> 0.11150869 | AF8: =IFERROR(_xlfn.RANK.EQ(AD8, $AD$2:$AD$2064), "") -> 19 | AH8: (주)에프앤에프_MLB | AI8: 53609440 | AJ8: 56145950 | AK8: =AJ8-AI8 -> 2536510 | AL8: =IFERROR((AJ8-AI8)/AI8, 0) -> 0.047314615
A9: (주)이랜드 | B9: DONGGUAN TIANLAN | C9: 1436950 | D9: 29600 | E9: 4425250 | F9: 955500 | G9: 3433550 | H9: 1910550 | I9: 3258550 | J9: 2899800 | K9: 2899800 | L9: 1373400 | M9: 1043000 | N9: 634080 | O9: 1479850 | P9: =SUM(C9:I9,K9) -> 18349750 | Q9: =SUM(C9:J9,L9:O9) -> 22880080 | R9: 247250 | T9: 2498000 | U9: 2469300 | V9: 203650 | W9: 1918400 | X9: 884950 | Y9: 1512700 | AD9: =SUM(R9:AC9) -> 9734250 | AE9: =IF(OR(AD9="", P9=""), 0, IFERROR((AD9-P9)/P9, IF(AD9<>0, 1, 0))) -> -0.46951593 | AF9: =IFERROR(_xlfn.RANK.EQ(AD9, $AD$2:$AD$2064), "") -> 35 | AH9: 주식회사 무신사 | AI9: 0 | AJ9: 50358540 | AK9: =AJ9-AI9 -> 50358540 | AL9: =IFERROR((AJ9-AI9)/AI9, 0) -> 0
A10: (주)이랜드 | B10: NANTONG YIYUAN | C10: 6318150 | D10: 195750 | E10: 825100 | F10: 1982500 | G10: 885900 | H10: 1129050 | I10: 1443200 | J10: 1561250 | K10: 1493600 | L10: 404100 | M10: 313150 | N10: 531350 | O10: 1017900 | P10: =SUM(C10:I10,K10) -> 14273250 | Q10: =SUM(C10:J10,L10:O10) -> 16607400 | R10: 369800 | S10: 59850 | T10: 549350 | U10: 1299700 | V10: 915090 | W10: 1257400 | X10: 1267900 | Y10: 1082350 | AD10: =SUM(R10:AC10) -> 6801440 | AE10: =IF(OR(AD10="", P10=""), 0, IFERROR((AD10-P10)/P10, IF(AD10<>0, 1, 0))) -> -0.52348344 | AF10: =IFERROR(_xlfn.RANK.EQ(AD10, $AD$2:$AD$2064), "") -> 61 | AH10: (주)에프앤에프_MLB KIDS | AI10: 3332750 | AJ10: 43389500 | AK10: =AJ10-AI10 -> 40056750 | AL10: =IFERROR((AJ10-AI10)/AI10, 0) -> 12.019128
A11: (주)이랜드 | B11: GUANGZHOU WANGFENG | C11: 582150 | D11: 1897020 | E11: 2937950 | F11: 1089370 | G11: 3011390 | H11: 1501520 | I11: 5626100 | J11: 1767900 | K11: 1368150 | L11: 3435690 | M11: 1702000 | N11: 2695900 | O11: 4087800 | P11: =SUM(C11:I11,K11) -> 18013650 | Q11: =SUM(C11:J11,L11:O11) -> 30334790 | R11: 1876470 | S11: 683700 | T11: 3089890 | U11: 1587650 | V11: 999060 | W11: 3932790 | X11: 4096250 | Y11: 2074400 | AD11: =SUM(R11:AC11) -> 18340210 | AE11: =IF(OR(AD11="", P11=""), 0, IFERROR((AD11-P11)/P11, IF(AD11<>0, 1, 0))) -> 0.018128475 | AF11: =IFERROR(_xlfn.RANK.EQ(AD11, $AD$2:$AD$2064), "") -> 20 | AH11: 신성통상(주) | AI11: 22157500 | AJ11: 42550250 | AK11: =AJ11-AI11 -> 20392750 | AL11: =IFERROR((AJ11-AI11)/AI11, 0) -> 0.92035428
A12: (주)이랜드 | B12: JNT INDUSTRIAL CO.,LTD | C12: 2095450 | D12: 842400 | E12: 2177600 | F12: 2419000 | G12: 1467300 | H12: 1159500 | I12: 2497600 | J12: 6047200 | K12: 5318500 | L12: 1830800 | M12: 4143300 | N12: 5799050 | O12: 5732800 | P12: =SUM(C12:I12,K12) -> 17977350 | Q12: =SUM(C12:J12,L12:O12) -> 36212000 | R12: 2291400 | S12: 142100 | T12: 3250600 | U12: 4517400 | V12: 3115600 | W12: 2485000 | X12: 3626550 | Y12: 1391800 | AD12: =SUM(R12:AC12) -> 20820450 | AE12: =IF(OR(AD12="", P12=""), 0, IFERROR((AD12-P12)/P12, IF(AD12<>0, 1, 0))) -> 0.158149 | AF12: =IFERROR(_xlfn.RANK.EQ(AD12, $AD$2:$AD$2064), "") -> 15 | AH12: (주)현대홈쇼핑 | AI12: 26862000 | AJ12: 35432770 | AK12: =AJ12-AI12 -> 8570770 | AL12: =IFERROR((AJ12-AI12)/AI12, 0) -> 0.31906671
A13: (주)이랜드 | B13: NINGBO MUHE | C13: 2738450 | D13: 198917700 | E13: 363020 | F13: 577600 | G13: 58450 | H13: 2404550 | I13: 1599920 | J13: 3186550 | K13: 2363950 | L13: 53300 | M13: 1132000 | N13: 2341600 | O13: 2633050 | P13: =SUM(C13:I13,K13) -> 209023640 | Q13: =SUM(C13:J13,L13:O13) -> 216006190 | R13: 4582500 | S13: 1301200 | T13: 2253000 | U13: 1822000 | V13: 3339120 | W13: 1513350 | X13: 789950 | Y13: 1582050 | AD13: =SUM(R13:AC13) -> 17183170 | AE13: =IF(OR(AD13="", P13=""), 0, IFERROR((AD13-P13)/P13, IF(AD13<>0, 1, 0))) -> -0.91779317 | AF13: =IFERROR(_xlfn.RANK.EQ(AD13, $AD$2:$AD$2064), "") -> 21 | AH13: (주)폰드그룹_어패럴사업부 | AI13: 9480740 | AJ13: 34373050 | AK13: =AJ13-AI13 -> 24892310 | AL13: =IFERROR((AJ13-AI13)/AI13, 0) -> 2.6255661
A14: (주)이랜드 | B14: NINGBOBOLANDIAO | C14: 1375740 | D14: 602450 | E14: 2935600 | F14: 1337250 | G14: 603750 | H14: 413050 | I14: 1141750 | J14: 2627720 | K14: 2627720 | L14: 2229970 | M14: 634050 | N14: 1146170 | O14: 1522850 | P14: =SUM(C14:I14,K14) -> 11037310 | Q14: =SUM(C14:J14,L14:O14) -> 16570350 | R14: 2005350 | S14: 598200 | T14: 4445250 | U14: 1856850 | V14: 644090 | W14: 3195860 | X14: 2759950 | Y14: 3207300 | AD14: =SUM(R14:AC14) -> 18712850 | AE14: =IF(OR(AD14="", P14=""), 0, IFERROR((AD14-P14)/P14, IF(AD14<>0, 1, 0))) -> 0.69541763 | AF14: =IFERROR(_xlfn.RANK.EQ(AD14, $AD$2:$AD$2064), "") -> 18 | AH14: (주)씨제이이엔엠 오쇼핑부문 | AI14: 28752350 | AJ14: 29598250 | AK14: =AJ14-AI14 -> 845900 | AL14: =IFERROR((AJ14-AI14)/AI14, 0) -> 0.029420204
A15: (주)이랜드 | B15: WENZHOU SANTEGA TRADE CO.,LTD | C15: 978100 | D15: 723200 | E15: 1368500 | F15: 1005400 | G15: 2505850 | H15: 1910200 | I15: 3594700 | J15: 4824700 | K15: 4802700 | L15: 2737800 | M15: 318650 | N15: 1911300 | O15: 2370200 | P15: =SUM(C15:I15,K15) -> 16888650 | Q15: =SUM(C15:J15,L15:O15) -> 24248600 | R15: 1418200 | T15: 972050 | U15: 1343500 | V15: 1360750 | W15: 116000 | X15: 1798500 | Y15: 2164000 | AD15: =SUM(R15:AC15) -> 9173000 | AE15: =IF(OR(AD15="", P15=""), 0, IFERROR((AD15-P15)/P15, IF(AD15<>0, 1, 0))) -> -0.45685416 | AF15: =IFERROR(_xlfn.RANK.EQ(AD15, $AD$2:$AD$2064), "") -> 37 | AH15: 주식회사 아성다이소 | AI15: 154000 | AJ15: 25589900 | AK15: =AJ15-AI15 -> 25435900 | AL15: =IFERROR((AJ15-AI15)/AI15, 0) -> 165.16818
A16: (주)이랜드 | B16: GUANGZHOUSHI YASITING FANGZHISHIYEYOUXIANGONGSI | C16: 107750 | D16: 665000 | E16: 3812000 | F16: 1107750 | G16: 724770 | H16: 1042870 | I16: 978200 | J16: 2168250 | K16: 2160800 | L16: 129050 | M16: 1570520 | N16: 3516750 | P16: =SUM(C16:I16,K16) -> 10599140 | Q16: =SUM(C16:J16,L16:O16) -> 15822910 | R16: 28000 | S16: 2704750 | T16: 971900 | U16: 4146750 | V16: 3312570 | W16: 253250 | X16: 4069520 | Y16: 4589150 | AD16: =SUM(R16:AC16) -> 20075890 | AE16: =IF(OR(AD16="", P16=""), 0, IFERROR((AD16-P16)/P16, IF(AD16<>0, 1, 0))) -> 0.89410556 | AF16: =IFERROR(_xlfn.RANK.EQ(AD16, $AD$2:$AD$2064), "") -> 17 | AH16: 지에스리테일 홈쇼핑 | AI16: 25081950 | AJ16: 25208950 | AK16: =AJ16-AI16 -> 127000 | AL16: =IFERROR((AJ16-AI16)/AI16, 0) -> 0.0050634022
A17: (주)이랜드 | B17: YONGDA FANGZHI | C17: 1265150 | D17: 1011150 | E17: 1710300 | F17: 1298800 | G17: 643150 | H17: 306720 | I17: 1014250 | J17: 954350 | K17: 715450 | L17: 3527250 | M17: 2654750 | N17: 1272500 | O17: 403450 | P17: =SUM(C17:I17,K17) -> 7964970 | Q17: =SUM(C17:J17,L17:O17) -> 16061820 | R17: 3476150 | S17: 549670 | T17: 2342820 | U17: 2321110 | V17: 1756500 | W17: 842400 | X17: 2122030 | Y17: 2712780 | AD17: =SUM(R17:AC17) -> 16123460 | AE17: =IF(OR(AD17="", P17=""), 0, IFERROR((AD17-P17)/P17, IF(AD17<>0, 1, 0))) -> 1.0242964 | AF17: =IFERROR(_xlfn.RANK.EQ(AD17, $AD$2:$AD$2064), "") -> 23 | AH17: (주)당당 | AI17: 6961100 | AJ17: 23657000 | AK17: =AJ17-AI17 -> 16695900 | AL17: =IFERROR((AJ17-AI17)/AI17, 0) -> 2.3984571
A18: (주)이랜드 | B18: LEQI GUOJIMAOYI YOUXIANGONGSI | C18: 1041700 | D18: 152250 | E18: 1684750 | F18: 1603420 | G18: 1407500 | H18: 3375040 | I18: 4685810 | J18: 970170 | K18: 731750 | L18: 8150930 | M18: 5246090 | N18: 2405160 | O18: 8320900 | P18: =SUM(C18:I18,K18) -> 14682220 | Q18: =SUM(C18:J18,L18:O18) -> 39043720 | R18: 3949840 | S18: 278900 | T18: 8629150 | U18: 9831400 | V18: 6544610 | W18: 11874320 | X18: 4960340 | Y18: 14924070 | AD18: =SUM(R18:AC18) -> 60992630 | AE18: =IF(OR(AD18="", P18=""), 0, IFERROR((AD18-P18)/P18, IF(AD18<>0, 1, 0))) -> 3.1541831 | AF18: =IFERROR(_xlfn.RANK.EQ(AD18, $AD$2:$AD$2064), "") -> 1 | AH18: 롯데홈쇼핑 | AI18: 27968700 | AJ18: 22375900 | AK18: =AJ18-AI18 -> -5592800 | AL18: =IFERROR((AJ18-AI18)/AI18, 0) -> -0.19996639
A19: (주)이랜드 | B19: ZHONGSHANSHI XIYI | C19: 0 | D19: 0 | E19: 0 | F19: 2516000 | G19: 2782450 | H19: 192450 | I19: 0 | J19: 199450 | K19: 199450 | L19: 0 | M19: 0 | N19: 953650 | O19: 195600 | P19: =SUM(C19:I19,K19) -> 5690350 | Q19: =SUM(C19:J19,L19:O19) -> 6839600 | U19: 665490 | V19: 783550 | W19: 0 | X19: 376400 | Y19: 0 | AD19: =SUM(R19:AC19) -> 1825440 | AE19: =IF(OR(AD19="", P19=""), 0, IFERROR((AD19-P19)/P19, IF(AD19<>0, 1, 0))) -> -0.67920427 | AF19: =IFERROR(_xlfn.RANK.EQ(AD19, $AD$2:$AD$2064), "") -> 225 | AH19: 주식회사 하이드어웨이 | AI19: 0 | AJ19: 21305250 | AK19: =AJ19-AI19 -> 21305250 | AL19: =IFERROR((AJ19-AI19)/AI19, 0) -> 0
A20: (주)이랜드 | B20: NINGBO TONGFU FANGZHI | C20: 1544150 | D20: 0 | E20: 1035710 | F20: 2126870 | G20: 243200 | H20: 307850 | I20: 305850 | J20: 3254330 | K20: 3254330 | L20: 468200 | M20: 1207610 | N20: 509310 | O20: 615170 | P20: =SUM(C20:I20,K20) -> 8817960 | Q20: =SUM(C20:J20,L20:O20) -> 11618250 | R20: 2746180 | S20: 313000 | T20: 1738360 | U20: 284660 | V20: 593580 | W20: 691060 | X20: 1555490 | Y20: 771200 | AD20: =SUM(R20:AC20) -> 8693530 | AE20: =IF(OR(AD20="", P20=""), 0, IFERROR((AD20-P20)/P20, IF(AD20<>0, 1, 0))) -> -0.014110974 | AF20: =IFERROR(_xlfn.RANK.EQ(AD20, $AD$2:$AD$2064), "") -> 42 | AH20: (주)에프앤에프_디스커버리 | AI20: 28991690 | AJ20: 19225820 | AK20: =AJ20-AI20 -> -9765870 | AL20: =IFERROR((AJ20-AI20)/AI20, 0) -> -0.33685066
A21: (주)이랜드 | B21: SUZHOU BOTIAN TEXTILE COMPANY LIMITED | C21: 484850 | D21: 491100 | E21: 1998400 | F21: 495100 | G21: 1292400 | H21: 443450 | I21: 631600 | J21: 337350 | K21: 337350 | L21: 1568800 | M21: 1956450 | N21: 3216850 | O21: 2062150 | P21: =SUM(C21:I21,K21) -> 6174250 | Q21: =SUM(C21:J21,L21:O21) -> 14978500 | R21: 1253200 | S21: 150700 | T21: 265750 | U21: 1900500 | V21: 2170400 | W21: 341800 | X21: 2687950 | Y21: 430900 | AD21: =SUM(R21:AC21) -> 9201200 | AE21: =IF(OR(AD21="", P21=""), 0, IFERROR((AD21-P21)/P21, IF(AD21<>0, 1, 0))) -> 0.49025388 | AF21: =IFERROR(_xlfn.RANK.EQ(AD21, $AD$2:$AD$2064), "") -> 36 | AH21: 휠라코리아(주) | AI21: 48164150 | AJ21: 17185450 | AK21: =AJ21-AI21 -> -30978700 | AL21: =IFERROR((AJ21-AI21)/AI21, 0) -> -0.64319001
A22: (주)이랜드 | B22: ERFENG | C22: 0 | D22: 0 | E22: 2750550 | F22: 1578600 | G22: 336200 | H22: 2228500 | I22: 0 | J22: 731400 | K22: 0 | L22: 2849300 | M22: 1455300 | N22: 910950 | O22: 3439100 | P22: =SUM(C22:I22,K22) -> 6893850 | Q22: =SUM(C22:J22,L22:O22) -> 16279900 | R22: 1172500 | S22: 6400 | T22: 1740300 | U22: 1559900 | V22: 0 | W22: 0 | X22: 0 | Y22: 0 | AD22: =SUM(R22:AC22) -> 4479100 | AE22: =IF(OR(AD22="", P22=""), 0, IFERROR((AD22-P22)/P22, IF(AD22<>0, 1, 0))) -> -0.35027597 | AF22: =IFERROR(_xlfn.RANK.EQ(AD22, $AD$2:$AD$2064), "") -> 99 | AH22: BBC INTERNATIONAL LLC | AI22: 13682600 | AJ22: 16965200 | AK22: =AJ22-AI22 -> 3282600 | AL22: =IFERROR((AJ22-AI22)/AI22, 0) -> 0.23991054
A23: (주)이랜드 | B23: NINGBO IVY DRESS CO., LTD. | C23: 306350 | D23: 571520 | E23: 697600 | F23: 1710250 | G23: 917300 | H23: 489850 | I23: 930500 | J23: 1205050 | K23: 1205050 | L23: 1928830 | M23: 744970 | N23: 1568950 | O23: 3553420 | P23: =SUM(C23:I23,K23) -> 6828420 | Q23: =SUM(C23:J23,L23:O23) -> 14624590 | R23: 814820 | S23: 545140 | T23: 2184260 | U23: 9542900 | V23: 3313880 | W23: 2073050 | X23: 4059170 | Y23: 1738450 | AD23: =SUM(R23:AC23) -> 24271670 | AE23: =IF(OR(AD23="", P23=""), 0, IFERROR((AD23-P23)/P23, IF(AD23<>0, 1, 0))) -> 2.5545075 | AF23: =IFERROR(_xlfn.RANK.EQ(AD23, $AD$2:$AD$2064), "") -> 12 | AH23: 코웰패션 주식회사 | AI23: 11464200 | AJ23: 15509280 | AK23: =AJ23-AI23 -> 4045080 | AL23: =IFERROR((AJ23-AI23)/AI23, 0) -> 0.35284451
A24: (주)이랜드 | B24: CONVERSTER.,LTD | C24: 1142350 | D24: 229600 | E24: 1104840 | F24: 1654100 | G24: 0 | H24: 146950 | I24: 252900 | J24: 0 | K24: 0 | L24: 782600 | M24: 285150 | N24: 458700 | O24: 367150 | P24: =SUM(C24:I24,K24) -> 4530740 | Q24: =SUM(C24:J24,L24:O24) -> 6424340 | R24: 1538100 | S24: 10250 | T24: 635950 | U24: 615550 | V24: 501600 | W24: 185350 | X24: 56450 | Y24: 319990 | AD24: =SUM(R24:AC24) -> 3863240 | AE24: =IF(OR(AD24="", P24=""), 0, IFERROR((AD24-P24)/P24, IF(AD24<>0, 1, 0))) -> -0.14732693 | AF24: =IFERROR(_xlfn.RANK.EQ(AD24, $AD$2:$AD$2064), "") -> 120 | AH24: 주식회사 더캐리 | AI24: 28871450 | AJ24: 12472850 | AK24: =AJ24-AI24 -> -16398600 | AL24: =IFERROR((AJ24-AI24)/AI24, 0) -> -0.56798671
A25: (주)이랜드 | B25: YIRONG FASHION(SHANGHAI)CO.,LTD | C25: 77300 | D25: 233950 | E25: 1330910 | F25: 1165420 | G25: 1189450 | H25: 340550 | I25: 1959300 | J25: 497300 | K25: 497300 | L25: 1285370 | M25: 414000 | N25: 681250 | O25: 496600 | P25: =SUM(C25:I25,K25) -> 6794180 | Q25: =SUM(C25:J25,L25:O25) -> 9671400 | R25: 469050 | T25: 257100 | U25: 403970 | V25: 241500 | W25: 1199350 | X25: 132300 | Y25: 2046200 | AD25: =SUM(R25:AC25) -> 4749470 | AE25: =IF(OR(AD25="", P25=""), 0, IFERROR((AD25-P25)/P25, IF(AD25<>0, 1, 0))) -> -0.30095023 | AF25: =IFERROR(_xlfn.RANK.EQ(AD25, $AD$2:$AD$2064), "") -> 94 | AH25: 게스홀딩스코리아유한회사 | AI25: 6645980 | AJ25: 12189750 | AK25: =AJ25-AI25 -> 5543770 | AL25: =IFERROR((AJ25-AI25)/AI25, 0) -> 0.83415388
A26: (주)이랜드 | B26: HANGZHOU BUILD-J TRADING CO.,LTD | C26: 559150 | D26: 0 | E26: 1146500 | F26: 241400 | G26: 1989650 | H26: 3382150 | I26: 1608400 | J26: 294450 | K26: 0 | L26: 2389200 | M26: 0 | N26: 1875500 | O26: 728700 | P26: =SUM(C26:I26,K26) -> 8927250 | Q26: =SUM(C26:J26,L26:O26) -> 14215100 | S26: 358400 | T26: 282000 | U26: 1265250 | V26: 921150 | W26: 1343200 | X26: 425100 | Y26: 403300 | AD26: =SUM(R26:AC26) -> 4998400 | AE26: =IF(OR(AD26="", P26=""), 0, IFERROR((AD26-P26)/P26, IF(AD26<>0, 1, 0))) -> -0.44009633 | AF26: =IFERROR(_xlfn.RANK.EQ(AD26, $AD$2:$AD$2064), "") -> 90 | AH26: 주식회사 신세계라이브쇼핑 | AI26: 0 | AJ26: 11799500 | AK26: =AJ26-AI26 -> 11799500 | AL26: =IFERROR((AJ26-AI26)/AI26, 0) -> 0
A27: (주)이랜드 | B27: WUJIANG YIHUA SILK CO.,LTD | C27: 872500 | D27: 608200 | E27: 1011950 | F27: 867450 | G27: 293500 | H27: 469500 | I27: 2930750 | J27: 1833400 | K27: 1484500 | L27: 1337100 | M27: 1481750 | N27: 1146850 | O27: 1905300 | P27: =SUM(C27:I27,K27) -> 8538350 | Q27: =SUM(C27:J27,L27:O27) -> 14758250 | R27: 4996050 | S27: 1440410 | T27: 2902760 | U27: 4971100 | V27: 2438400 | W27: 1614050 | X27: 4369250 | Y27: 3504770 | AD27: =SUM(R27:AC27) -> 26236790 | AE27: =IF(OR(AD27="", P27=""), 0, IFERROR((AD27-P27)/P27, IF(AD27<>0, 1, 0))) -> 2.0728173 | AF27: =IFERROR(_xlfn.RANK.EQ(AD27, $AD$2:$AD$2064), "") -> 10 | AH27: 신세계티비쇼핑 | AI27: 5503750 | AJ27: 10214900 | AK27: =AJ27-AI27 -> 4711150 | AL27: =IFERROR((AJ27-AI27)/AI27, 0) -> 0.8559891
A28: (주)이랜드 | B28: KUNSHAN DONGLI XINCAILIAO | C28: 49900 | D28: 0 | E28: 642550 | F28: 2098250 | G28: 582250 | H28: 333000 | I28: 414350 | J28: 586150 | K28: 349800 | L28: 108150 | M28: 959100 | N28: 427350 | O28: 1087300 | P28: =SUM(C28:I28,K28) -> 4470100 | Q28: =SUM(C28:J28,L28:O28) -> 7288350 | S28: 403350 | T28: 1037600 | U28: 584000 | V28: 506100 | W28: 1161400 | X28: 304950 | Y28: 0 | AD28: =SUM(R28:AC28) -> 3997400 | AE28: =IF(OR(AD28="", P28=""), 0, IFERROR((AD28-P28)/P28, IF(AD28<>0, 1, 0))) -> -0.10574708 | AF28: =IFERROR(_xlfn.RANK.EQ(AD28, $AD$2:$AD$2064), "") -> 111 | AH28: 스튜어트 주식회사 | AI28: 6715010 | AJ28: 9900700 | AK28: =AJ28-AI28 -> 3185690 | AL28: =IFERROR((AJ28-AI28)/AI28, 0) -> 0.47441329
A29: (주)이랜드 | B29: BAZIO LIMITED | C29: 322500 | D29: 0 | E29: 2639300 | F29: 596000 | G29: 0 | H29: 1288950 | I29: 1399800 | J29: 3341950 | K29: 3341950 | L29: 259100 | M29: 0 | N29: 2338250 | O29: 971800 | P29: =SUM(C29:I29,K29) -> 9588500 | Q29: =SUM(C29:J29,L29:O29) -> 13157650 | T29: 1216000 | U29: 0 | V29: 0 | W29: 282070 | X29: 1380400 | Y29: 263870 | AD29: =SUM(R29:AC29) -> 3142340 | AE29: =IF(OR(AD29="", P29=""), 0, IFERROR((AD29-P29)/P29, IF(AD29<>0, 1, 0))) -> -0.67228034 | AF29: =IFERROR(_xlfn.RANK.EQ(AD29, $AD$2:$AD$2064), "") -> 148 | AH29: (주)더캐리 | AI29: 14942810 | AJ29: 8288050 | AK29: =AJ29-AI29 -> -6654760 | AL29: =IFERROR((AJ29-AI29)/AI29, 0) -> -0.44534863
A30: (주)이랜드 | B30: SHANGHAI ZHANYI FUSHI YOUXIANGONGSI | D30: 249900 | E30: 868300 | F30: 1723700 | G30: 694300 | H30: 2166450 | I30: 952900 | J30: 5316200 | K30: 3483250 | L30: 1451250 | M30: 692050 | N30: 2136000 | O30: 1518600 | P30: =SUM(C30:I30,K30) -> 10138800 | Q30: =SUM(C30:J30,L30:O30) -> 17769650 | R30: 1526650 | S30: 16550 | T30: 84140 | U30: 1083220 | V30: 1022050 | W30: 249200 | X30: 627100 | Y30: 757950 | AD30: =SUM(R30:AC30) -> 5366860 | AE30: =IF(OR(AD30="", P30=""), 0, IFERROR((AD30-P30)/P30, IF(AD30<>0, 1, 0))) -> -0.47066122 | AF30: =IFERROR(_xlfn.RANK.EQ(AD30, $AD$2:$AD$2064), "") -> 80 | AH30: (주)콘크리트웍스 | AI30: 5100900 | AJ30: 7985550 | AK30: =AJ30-AI30 -> 2884650 | AL30: =IFERROR((AJ30-AI30)/AI30, 0) -> 0.56551785
A31: (주)이랜드 | B31: FUJIAN RUNBANG | C31: 1722000 | D31: 293250 | E31: 1280900 | F31: 0 | G31: 0 | H31: 231000 | I31: 1754500 | J31: 851000 | K31: 851000 | L31: 0 | M31: 1244900 | N31: 252500 | O31: 2908500 | P31: =SUM(C31:I31,K31) -> 6132650 | Q31: =SUM(C31:J31,L31:O31) -> 10538550 | R31: 1110700 | S31: 498000 | T31: 1743150 | U31: 0 | V31: 354200 | W31: 87500 | X31: 2859800 | Y31: 1251800 | AD31: =SUM(R31:AC31) -> 7905150 | AE31: =IF(OR(AD31="", P31=""), 0, IFERROR((AD31-P31)/P31, IF(AD31<>0, 1, 0))) -> 0.28902677 | AF31: =IFERROR(_xlfn.RANK.EQ(AD31, $AD$2:$AD$2064), "") -> 49 | AH31: (주)케이브랜즈 | AI31: 22048000 | AJ31: 7591900 | AK31: =AJ31-AI31 -> -14456100 | AL31: =IFERROR((AJ31-AI31)/AI31, 0) -> -0.65566491
A32: (주)이랜드 | B32: DASUNG TRADING CO.,LIMITED | C32: 2309000 | D32: 0 | E32: 605750 | F32: 363500 | G32: 0 | H32: 0 | I32: 1312900 | J32: 0 | K32: 0 | L32: 119400 | M32: 0 | N32: 0 | P32: =SUM(C32:I32,K32) -> 4591150 | Q32: =SUM(C32:J32,L32:O32) -> 4710550 | R32: 573200 | S32: 1352850 | T32: 1163100 | U32: 0 | V32: 119200 | W32: 564400 | X32: 20710 | Y32: 708800 | AD32: =SUM(R32:AC32) -> 4502260 | AE32: =IF(OR(AD32="", P32=""), 0, IFERROR((AD32-P32)/P32, IF(AD32<>0, 1, 0))) -> -0.019361162 | AF32: =IFERROR(_xlfn.RANK.EQ(AD32, $AD$2:$AD$2064), "") -> 98 | AH32: (주)인동에프엔 | AI32: 4542750 | AJ32: 6897500 | AK32: =AJ32-AI32 -> 2354750 | AL32: =IFERROR((AJ32-AI32)/AI32, 0) -> 0.51835342
A33: (주)이랜드 | B33: HANGZHOU LIJIN | D33: 0 | F33: 2515000 | G33: 793100 | H33: 366900 | I33: 1137650 | J33: 0 | K33: 0 | L33: 35000 | M33: 0 | N33: 0 | O33: 125450 | P33: =SUM(C33:I33,K33) -> 4812650 | Q33: =SUM(C33:J33,L33:O33) -> 4973100 | R33: 571650 | T33: 7100 | U33: 0 | V33: 0 | W33: 3077650 | X33: 1141000 | Y33: 1303150 | AD33: =SUM(R33:AC33) -> 6100550 | AE33: =IF(OR(AD33="", P33=""), 0, IFERROR((AD33-P33)/P33, IF(AD33<>0, 1, 0))) -> 0.26760724 | AF33: =IFERROR(_xlfn.RANK.EQ(AD33, $AD$2:$AD$2064), "") -> 66 | AH33: 에스케이스토아(주) | AI33: 4052850 | AJ33: 6572000 | AK33: =AJ33-AI33 -> 2519150 | AL33: =IFERROR((AJ33-AI33)/AI33, 0) -> 0.62157494
A34: (주)이랜드 | B34: HANGZHOU ZILLION I/E CO.,LTD | C34: 1203300 | D34: 731250 | E34: 469000 | F34: 0 | G34: 552600 | H34: 1451000 | I34: 356600 | J34: 1654050 | K34: 1654050 | L34: 784150 | M34: 58800 | N34: 316400 | O34: 599700 | P34: =SUM(C34:I34,K34) -> 6417800 | Q34: =SUM(C34:J34,L34:O34) -> 8176850 | R34: 12000 | T34: 215350 | U34: 0 | V34: 492450 | W34: 2153250 | X34: 0 | Y34: 297000 | AD34: =SUM(R34:AC34) -> 3170050 | AE34: =IF(OR(AD34="", P34=""), 0, IFERROR((AD34-P34)/P34, IF(AD34<>0, 1, 0))) -> -0.50605348 | AF34: =IFERROR(_xlfn.RANK.EQ(AD34, $AD$2:$AD$2064), "") -> 145 | AH34: 던필드 그룹(던필드알파/던필드플러스) | AI34: 5411100 | AJ34: 6033700 | AK34: =AJ34-AI34 -> 622600 | AL34: =IFERROR((AJ34-AI34)/AI34, 0) -> 0.11505978
A35: (주)이랜드 | B35: NINGBO HONGHUA | C35: 93900 | D35: 319350 | E35: 735300 | F35: 994220 | G35: 960000 | H35: 871140 | I35: 1219450 | J35: 2262400 | K35: 2262400 | L35: 2666280 | M35: 811770 | N35: 768520 | O35: 4406000 | P35: =SUM(C35:I35,K35) -> 7455760 | Q35: =SUM(C35:J35,L35:O35) -> 16108330 | R35: 117100 | S35: 75800 | T35: 2248200 | U35: 3153270 | V35: 1790050 | W35: 2573310 | X35: 2842850 | Y35: 751470 | AD35: =SUM(R35:AC35) -> 13552050 | AE35: =IF(OR(AD35="", P35=""), 0, IFERROR((AD35-P35)/P35, IF(AD35<>0, 1, 0))) -> 0.81766178 | AF35: =IFERROR(_xlfn.RANK.EQ(AD35, $AD$2:$AD$2064), "") -> 26 | AH35: 주식회사 하고하우스 | AI35: 0 | AJ35: 5931000 | AK35: =AJ35-AI35 -> 5931000 | AL35: =IFERROR((AJ35-AI35)/AI35, 0) -> 0
A36: (주)이랜드 | B36: PUTIAN HENGWEI OUTDOOR CO.,LTD | D36: 0 | E36: 2602850 | F36: 162000 | G36: 0 | H36: 0 | I36: 0 | J36: 0 | K36: 0 | L36: 0 | M36: 0 | N36: 0 | O36: 255900 | P36: =SUM(C36:I36,K36) -> 2764850 | Q36: =SUM(C36:J36,L36:O36) -> 3020750 | R36: 812650 | S36: 1272100 | T36: 361200 | U36: 0 | V36: 0 | W36: 0 | X36: 0 | Y36: 0 | AD36: =SUM(R36:AC36) -> 2445950 | AE36: =IF(OR(AD36="", P36=""), 0, IFERROR((AD36-P36)/P36, IF(AD36<>0, 1, 0))) -> -0.1153408 | AF36: =IFERROR(_xlfn.RANK.EQ(AD36, $AD$2:$AD$2064), "") -> 178 | AH36: (주)미도컴퍼니 | AI36: 5456500 | AJ36: 5876000 | AK36: =AJ36-AI36 -> 419500 | AL36: =IFERROR((AJ36-AI36)/AI36, 0) -> 0.076880784
A37: (주)이랜드 | B37: GUANGZHOU DAEYOO LEATHER GOODS CO LTD | C37: 703500 | D37: 157000 | E37: 1217950 | F37: 494800 | G37: 137200 | H37: 859400 | I37: 2030000 | J37: 379300 | K37: 379300 | L37: 1651100 | M37: 374300 | N37: 1225700 | O37: 279200 | P37: =SUM(C37:I37,K37) -> 5979150 | Q37: =SUM(C37:J37,L37:O37) -> 9509450 | AD37: =SUM(R37:AC37) -> 0 | AE37: =IF(OR(AD37="", P37=""), 0, IFERROR((AD37-P37)/P37, IF(AD37<>0, 1, 0))) -> -1 | AF37: =IFERROR(_xlfn.RANK.EQ(AD37, $AD$2:$AD$2064), "") -> 983 | AH37: (주)블랙야크 | AI37: 24110600 | AJ37: 4324500 | AK37: =AJ37-AI37 -> -19786100 | AL37: =IFERROR((AJ37-AI37)/AI37, 0) -> -0.82063906
A38: (주)이랜드 | B38: WUXI XINXIANGHONG FANGZHIPINYOUXIANGONGSI | C38: 0 | D38: 440600 | E38: 1569250 | F38: 585900 | G38: 201600 | H38: 0 | I38: 110250 | J38: 0 | K38: 0 | L38: 245700 | M38: 0 | N38: 375150 | P38: =SUM(C38:I38,K38) -> 2907600 | Q38: =SUM(C38:J38,L38:O38) -> 3528450 | R38: 75250 | T38: 0 | U38: 0 | V38: 0 | W38: 0 | X38: 0 | Y38: 0 | AD38: =SUM(R38:AC38) -> 75250 | AE38: =IF(OR(AD38="", P38=""), 0, IFERROR((AD38-P38)/P38, IF(AD38<>0, 1, 0))) -> -0.97411955 | AF38: =IFERROR(_xlfn.RANK.EQ(AD38, $AD$2:$AD$2064), "") -> 781 | AH38: (주)홈앤쇼핑 | AI38: 10771200 | AJ38: 3709700 | AK38: =AJ38-AI38 -> -7061500 | AL38: =IFERROR((AJ38-AI38)/AI38, 0) -> -0.65559083
A39: (주)이랜드 | B39: WILL WEI INTERNATIONAL TARDE CO.LIMITED | C39: 667750 | D39: 95000 | E39: 1061600 | F39: 595200 | G39: 265200 | H39: 16300 | I39: 0 | J39: 190900 | K39: 190900 | L39: 469500 | M39: 0 | N39: 204900 | O39: 275450 | P39: =SUM(C39:I39,K39) -> 2891950 | Q39: =SUM(C39:J39,L39:O39) -> 3841800 | R39: 139000 | T39: 1288400 | U39: 88900 | V39: 0 | W39: 0 | X39: 0 | Y39: 0 | AD39: =SUM(R39:AC39) -> 1516300 | AE39: =IF(OR(AD39="", P39=""), 0, IFERROR((AD39-P39)/P39, IF(AD39<>0, 1, 0))) -> -0.4756825 | AF39: =IFERROR(_xlfn.RANK.EQ(AD39, $AD$2:$AD$2064), "") -> 246 | AH39: 신세계까사_JAJU | AI39: 0 | AJ39: 3648750 | AK39: =AJ39-AI39 -> 3648750 | AL39: =IFERROR((AJ39-AI39)/AI39, 0) -> 0
A40: (주)이랜드 | B40: QUANZHOU SENIOR TRADING CO.,LTD | C40: 518000 | D40: 0 | E40: 516500 | F40: 459750 | G40: 1009400 | H40: 449250 | I40: 502400 | J40: 0 | K40: 0 | L40: 0 | M40: 0 | N40: 1421000 | O40: 1929950 | P40: =SUM(C40:I40,K40) -> 3455300 | Q40: =SUM(C40:J40,L40:O40) -> 6806250 | R40: 1347850 | T40: 0 | U40: 1074200 | V40: 833500 | W40: 0 | X40: 1392570 | Y40: 113050 | AD40: =SUM(R40:AC40) -> 4761170 | AE40: =IF(OR(AD40="", P40=""), 0, IFERROR((AD40-P40)/P40, IF(AD40<>0, 1, 0))) -> 0.37793245 | AF40: =IFERROR(_xlfn.RANK.EQ(AD40, $AD$2:$AD$2064), "") -> 93 | AH40: 에프앤에프_듀베티카 | AI40: 0 | AJ40: 2817800 | AK40: =AJ40-AI40 -> 2817800 | AL40: =IFERROR((AJ40-AI40)/AI40, 0) -> 0
A41: (주)이랜드 | B41: XIAMEN JIAXING IMPORT&EXPORT CO.,LTD. | C41: 0 | D41: 0 | E41: 1559950 | F41: 805600 | G41: 0 | H41: 0 | I41: 0 | J41: 0 | K41: 0 | L41: 0 | M41: 0 | N41: 0 | P41: =SUM(C41:I41,K41) -> 2365550 | Q41: =SUM(C41:J41,L41:O41) -> 2365550 | AD41: =SUM(R41:AC41) -> 0 | AE41: =IF(OR(AD41="", P41=""), 0, IFERROR((AD41-P41)/P41, IF(AD41<>0, 1, 0))) -> -1 | AF41: =IFERROR(_xlfn.RANK.EQ(AD41, $AD$2:$AD$2064), "") -> 983 | AH41: 한세엠케이(주) | AI41: 2363000 | AJ41: 2585500 | AK41: =AJ41-AI41 -> 222500 | AL41: =IFERROR((AJ41-AI41)/AI41, 0) -> 0.094159966
A42: (주)이랜드 | B42: GUOWOO INTERNATION | C42: 599360 | D42: 41300 | E42: 324820 | F42: 517650 | G42: 889700 | H42: 348350 | I42: 280850 | J42: 171850 | K42: 171850 | L42: 1208390 | M42: 431450 | N42: 534100 | O42: 1440800 | P42: =SUM(C42:I42,K42) -> 3173880 | Q42: =SUM(C42:J42,L42:O42) -> 6788620 | R42: 229550 | T42: 224250 | U42: 110000 | V42: 308000 | W42: 539950 | X42: 459100 | Y42: 745450 | AD42: =SUM(R42:AC42) -> 2616300 | AE42: =IF(OR(AD42="", P42=""), 0, IFERROR((AD42-P42)/P42, IF(AD42<>0, 1, 0))) -> -0.17567772 | AF42: =IFERROR(_xlfn.RANK.EQ(AD42, $AD$2:$AD$2064), "") -> 170 | AH42: 주식회사 웨어 | AI42: 0 | AJ42: 2319320 | AK42: =AJ42-AI42 -> 2319320 | AL42: =IFERROR((AJ42-AI42)/AI42, 0) -> 0
A43: (주)이랜드 | B43: NINGBO YINZHOU SIDIKE JIAFANGYOUXIANGONGSI | C43: 582200 | D43: 154150 | E43: 1431250 | F43: 99200 | G43: 47950 | H43: 67800 | I43: 3059730 | J43: 888850 | K43: 716150 | L43: 127350 | M43: 421840 | N43: 594100 | O43: 672950 | P43: =SUM(C43:I43,K43) -> 6158430 | Q43: =SUM(C43:J43,L43:O43) -> 8147370 | R43: 1079050 | S43: 1244800 | T43: 295000 | U43: 1874060 | V43: 631000 | W43: 1994400 | X43: 7055550 | Y43: 2159500 | AD43: =SUM(R43:AC43) -> 16333360 | AE43: =IF(OR(AD43="", P43=""), 0, IFERROR((AD43-P43)/P43, IF(AD43<>0, 1, 0))) -> 1.6521954 | AF43: =IFERROR(_xlfn.RANK.EQ(AD43, $AD$2:$AD$2064), "") -> 22 | AH43: 아쿠쉬네트코리아 | AI43: 3276000 | AJ43: 2141500 | AK43: =AJ43-AI43 -> -1134500 | AL43: =IFERROR((AJ43-AI43)/AI43, 0) -> -0.34630647
A44: (주)이랜드 | B44: SHANGHAI JIJIAGUOJIMAOYI | C44: 0 | D44: 0 | E44: 1690100 | F44: 580900 | G44: 0 | H44: 0 | I44: 0 | J44: 0 | K44: 0 | L44: 0 | M44: 0 | N44: 0 | P44: =SUM(C44:I44,K44) -> 2271000 | Q44: =SUM(C44:J44,L44:O44) -> 2271000 | AD44: =SUM(R44:AC44) -> 0 | AE44: =IF(OR(AD44="", P44=""), 0, IFERROR((AD44-P44)/P44, IF(AD44<>0, 1, 0))) -> -1 | AF44: =IFERROR(_xlfn.RANK.EQ(AD44, $AD$2:$AD$2064), "") -> 983 | AH44: (주)바바패션 | AI44: 1488950 | AJ44: 2033500 | AK44: =AJ44-AI44 -> 544550 | AL44: =IFERROR((AJ44-AI44)/AI44, 0) -> 0.36572753
A45: (주)이랜드 | B45: CHAOZHOU XIDALI SHOES MANUFACTURING CO.,LTD | C45: 2225650 | D45: 41400 | F45: 0 | G45: 0 | H45: 0 | I45: 0 | J45: 0 | K45: 0 | L45: 0 | M45: 0 | N45: 618000 | P45: =SUM(C45:I45,K45) -> 2267050 | Q45: =SUM(C45:J45,L45:O45) -> 2885050 | U45: 244200 | V45: 0 | W45: 0 | X45: 0 | Y45: 0 | AD45: =SUM(R45:AC45) -> 244200 | AE45: =IF(OR(AD45="", P45=""), 0, IFERROR((AD45-P45)/P45, IF(AD45<>0, 1, 0))) -> -0.89228292 | AF45: =IFERROR(_xlfn.RANK.EQ(AD45, $AD$2:$AD$2064), "") -> 573 | AH45: (주)지티에스글로벌 | AI45: 0 | AJ45: 1996400 | AK45: =AJ45-AI45 -> 1996400 | AL45: =IFERROR((AJ45-AI45)/AI45, 0) -> 0
A46: (주)이랜드 | B46: DONGGUAN BROTHER IMPORT AND EXPORT CO.,LTD | C46: 157500 | D46: 52300 | E46: 650800 | F46: 490450 | G46: 882800 | H46: 150450 | I46: 604600 | J46: 448050 | K46: 448050 | L46: 110600 | M46: 199450 | N46: 434900 | O46: 1198050 | P46: =SUM(C46:I46,K46) -> 3436950 | Q46: =SUM(C46:J46,L46:O46) -> 5379950 | R46: 300850 | T46: 767800 | U46: 847700 | V46: 513100 | W46: 1241300 | X46: 1206650 | Y46: 1337200 | AD46: =SUM(R46:AC46) -> 6214600 | AE46: =IF(OR(AD46="", P46=""), 0, IFERROR((AD46-P46)/P46, IF(AD46<>0, 1, 0))) -> 0.80817294 | AF46: =IFERROR(_xlfn.RANK.EQ(AD46, $AD$2:$AD$2064), "") -> 65 | AH46: (주)신세계인터내셔날 | AI46: 3120600 | AJ46: 1342160 | AK46: =AJ46-AI46 -> -1778440 | AL46: =IFERROR((AJ46-AI46)/AI46, 0) -> -0.56990322
A47: (주)이랜드 | B47: QINGDAO JIAHUICHENG INTERNATIONAL TRADE CO.,LTD | D47: 0 | F47: 1002400 | G47: 1211060 | H47: 0 | I47: 0 | J47: 0 | K47: 0 | L47: 0 | M47: 0 | N47: 0 | P47: =SUM(C47:I47,K47) -> 2213460 | Q47: =SUM(C47:J47,L47:O47) -> 2213460 | AD47: =SUM(R47:AC47) -> 0 | AE47: =IF(OR(AD47="", P47=""), 0, IFERROR((AD47-P47)/P47, IF(AD47<>0, 1, 0))) -> -1 | AF47: =IFERROR(_xlfn.RANK.EQ(AD47, $AD$2:$AD$2064), "") -> 983 | AH47: (주)아가방앤컴퍼니 | AI47: 691200 | AJ47: 1185200 | AK47: =AJ47-AI47 -> 494000 | AL47: =IFERROR((AJ47-AI47)/AI47, 0) -> 0.71469907
A48: (주)이랜드 | B48: MISO (HK) LIMITED | D48: 0 | F48: 1740250 | G48: 450850 | H48: 91050 | I48: 67500 | J48: 0 | K48: 0 | L48: 252800 | M48: 110150 | N48: 232400 | O48: 298250 | P48: =SUM(C48:I48,K48) -> 2349650 | Q48: =SUM(C48:J48,L48:O48) -> 3243250 | R48: 51200 | T48: 0 | U48: 1217550 | V48: 0 | W48: 140550 | X48: 35500 | Y48: 0 | AD48: =SUM(R48:AC48) -> 1444800 | AE48: =IF(OR(AD48="", P48=""), 0, IFERROR((AD48-P48)/P48, IF(AD48<>0, 1, 0))) -> -0.38509991 | AF48: =IFERROR(_xlfn.RANK.EQ(AD48, $AD$2:$AD$2064), "") -> 251 | AH48: 네파(주) | AI48: 0 | AJ48: 1124500 | AK48: =AJ48-AI48 -> 1124500 | AL48: =IFERROR((AJ48-AI48)/AI48, 0) -> 0
A49: (주)이랜드 | B49: NINGBO QIFA | C49: 39200 | D49: 722600 | E49: 822150 | F49: 320150 | G49: 260750 | H49: 38500 | I49: 446250 | J49: 379050 | K49: 297150 | L49: 160300 | M49: 430520 | N49: 814250 | O49: 491450 | P49: =SUM(C49:I49,K49) -> 2946750 | Q49: =SUM(C49:J49,L49:O49) -> 4925170 | R49: 177450 | S49: 236600 | T49: 1089000 | U49: 296400 | V49: 0 | W49: 251300 | X49: 0 | Y49: 52070 | AD49: =SUM(R49:AC49) -> 2102820 | AE49: =IF(OR(AD49="", P49=""), 0, IFERROR((AD49-P49)/P49, IF(AD49<>0, 1, 0))) -> -0.28639348 | AF49: =IFERROR(_xlfn.RANK.EQ(AD49, $AD$2:$AD$2064), "") -> 207 | AH49: 주식회사 로우클래식 | AI49: 0 | AJ49: 922600 | AK49: =AJ49-AI49 -> 922600 | AL49: =IFERROR((AJ49-AI49)/AI49, 0) -> 0
A50: (주)이랜드 | B50: ANHUI LIGHT INDUSTRIES INTERNATIONAL CO., LTD. | C50: 750700 | D50: 416500 | E50: 936250 | F50: 0 | G50: 0 | H50: 0 | I50: 0 | J50: 0 | K50: 0 | L50: 0 | M50: 0 | N50: 0 | P50: =SUM(C50:I50,K50) -> 2103450 | Q50: =SUM(C50:J50,L50:O50) -> 2103450 | U50: 1390250 | V50: 0 | W50: 0 | X50: 0 | Y50: 0 | AD50: =SUM(R50:AC50) -> 1390250 | AE50: =IF(OR(AD50="", P50=""), 0, IFERROR((AD50-P50)/P50, IF(AD50<>0, 1, 0))) -> -0.33906202 | AF50: =IFERROR(_xlfn.RANK.EQ(AD50, $AD$2:$AD$2064), "") -> 258 | AH50: (주)대현 | AI50: 0 | AJ50: 879800 | AK50: =AJ50-AI50 -> 879800 | AL50: =IFERROR((AJ50-AI50)/AI50, 0) -> 0
A51: (주)이랜드 | B51: ZHUJI MENGZI KNITTING CO.,LTD | C51: 535000 | D51: 0 | E51: 116400 | F51: 537750 | G51: 793250 | H51: 294300 | I51: 136700 | J51: 687200 | K51: 687200 | L51: 910000 | M51: 559250 | N51: 471150 | P51: =SUM(C51:I51,K51) -> 3100600 | Q51: =SUM(C51:J51,L51:O51) -> 5041000 | AD51: =SUM(R51:AC51) -> 0 | AE51: =IF(OR(AD51="", P51=""), 0, IFERROR((AD51-P51)/P51, IF(AD51<>0, 1, 0))) -> -1 | AF51: =IFERROR(_xlfn.RANK.EQ(AD51, $AD$2:$AD$2064), "") -> 983 | AH51: (주)바디프랜드 | AI51: 2492100 | AJ51: 730200 | AK51: =AJ51-AI51 -> -1761900 | AL51: =IFERROR((AJ51-AI51)/AI51, 0) -> -0.7069941
A52: (주)이랜드 | B52: CHAOZHOUSHI JINXI SHOE CO., LTD. | C52: 0 | D52: 0 | E52: 1230050 | F52: 0 | G52: 719200 | H52: 0 | I52: 0 | J52: 0 | K52: 0 | L52: 0 | M52: 0 | N52: 0 | P52: =SUM(C52:I52,K52) -> 1949250 | Q52: =SUM(C52:J52,L52:O52) -> 1949250 | S52: 3154300 | T52: 6400 | U52: 0 | V52: 0 | W52: 0 | X52: 0 | Y52: 0 | AD52: =SUM(R52:AC52) -> 3160700 | AE52: =IF(OR(AD52="", P52=""), 0, IFERROR((AD52-P52)/P52, IF(AD52<>0, 1, 0))) -> 0.62149545 | AF52: =IFERROR(_xlfn.RANK.EQ(AD52, $AD$2:$AD$2064), "") -> 146 | AH52: 쿠팡_CPLB | AI52: 2880050 | AJ52: 532490 | AK52: =AJ52-AI52 -> -2347560 | AL52: =IFERROR((AJ52-AI52)/AI52, 0) -> -0.81511085
A53: (주)이랜드 | B53: FEILU | C53: 1754850 | D53: 135400 | F53: 0 | G53: 0 | H53: 0 | I53: 0 | J53: 0 | K53: 0 | L53: 0 | M53: 0 | N53: 0 | O53: 915650 | P53: =SUM(C53:I53,K53) -> 1890250 | Q53: =SUM(C53:J53,L53:O53) -> 2805900 | R53: 500800 | T53: 208750 | U53: 0 | V53: 0 | W53: 0 | X53: 0 | Y53: 0 | AD53: =SUM(R53:AC53) -> 709550 | AE53: =IF(OR(AD53="", P53=""), 0, IFERROR((AD53-P53)/P53, IF(AD53<>0, 1, 0))) -> -0.62462637 | AF53: =IFERROR(_xlfn.RANK.EQ(AD53, $AD$2:$AD$2064), "") -> 378 | AH53: (주)제이스타일코리아 | AI53: 0 | AJ53: 452000 | AK53: =AJ53-AI53 -> 452000 | AL53: =IFERROR((AJ53-AI53)/AI53, 0) -> 0
A54: (주)이랜드 | B54: HUIDONG HUANGBU ZHONGZHENG SHOES CO.,LTD | C54: 837400 | D54: 0 | E54: 573900 | F54: 364600 | G54: 0 | H54: 0 | I54: 163100 | J54: 660000 | K54: 660000 | L54: 0 | M54: 0 | N54: 0 | P54: =SUM(C54:I54,K54) -> 2599000 | Q54: =SUM(C54:J54,L54:O54) -> 2599000 | AD54: =SUM(R54:AC54) -> 0 | AE54: =IF(OR(AD54="", P54=""), 0, IFERROR((AD54-P54)/P54, IF(AD54<>0, 1, 0))) -> -1 | AF54: =IFERROR(_xlfn.RANK.EQ(AD54, $AD$2:$AD$2064), "") -> 983 | AH54: 롯데쇼핑(주) | AI54: 1322700 | AJ54: 304000 | AK54: =AJ54-AI54 -> -1018700 | AL54: =IFERROR((AJ54-AI54)/AI54, 0) -> -0.77016708
A55: (주)이랜드 | B55: ANHUI RUNTEX KNITTING FASHION CO.,LTD | C55: 1092400 | D55: 268350 | E55: 152050 | F55: 81300 | G55: 178800 | H55: 964200 | I55: 1235300 | J55: 1112100 | K55: 1033700 | L55: 524650 | M55: 0 | N55: 41300 | O55: 1229300 | P55: =SUM(C55:I55,K55) -> 5006100 | Q55: =SUM(C55:J55,L55:O55) -> 6879750 | R55: 1160700 | T55: 474200 | U55: 35000 | V55: 0 | W55: 281800 | X55: 915650 | Y55: 181700 | AD55: =SUM(R55:AC55) -> 3049050 | AE55: =IF(OR(AD55="", P55=""), 0, IFERROR((AD55-P55)/P55, IF(AD55<>0, 1, 0))) -> -0.39093306 | AF55: =IFERROR(_xlfn.RANK.EQ(AD55, $AD$2:$AD$2064), "") -> 152 | AH55: (주)세정 | AI55: 0 | AJ55: 254800 | AK55: =AJ55-AI55 -> 254800 | AL55: =IFERROR((AJ55-AI55)/AI55, 0) -> 0
A56: (주)이랜드 | B56: TAMO SHOES INDUSTRIAL(JINJIANG)CO.,LTD | D56: 0 | E56: 1710400 | F56: 0 | G56: 0 | H56: 420700 | I56: 0 | J56: 0 | K56: 0 | L56: 0 | M56: 0 | N56: 0 | P56: =SUM(C56:I56,K56) -> 2131100 | Q56: =SUM(C56:J56,L56:O56) -> 2131100 | U56: 1628100 | V56: 874300 | W56: 0 | X56: 0 | Y56: 0 | AD56: =SUM(R56:AC56) -> 2502400 | AE56: =IF(OR(AD56="", P56=""), 0, IFERROR((AD56-P56)/P56, IF(AD56<>0, 1, 0))) -> 0.17422927 | AF56: =IFERROR(_xlfn.RANK.EQ(AD56, $AD$2:$AD$2064), "") -> 173 | AH56: KC 안전품질표시 | AI56: 23500 | AJ56: 195000 | AK56: =AJ56-AI56 -> 171500 | AL56: =IFERROR((AJ56-AI56)/AI56, 0) -> 7.2978723
A57: (주)이랜드 | B57: SHANGHAI MINGSHANG | D57: 329750 | E57: 418850 | F57: 276100 | G57: 947650 | H57: 459900 | I57: 2268200 | J57: 687150 | K57: 623800 | L57: 670320 | M57: 525250 | N57: 321550 | O57: 1021200 | P57: =SUM(C57:I57,K57) -> 5324250 | Q57: =SUM(C57:J57,L57:O57) -> 7925920 | R57: 1014370 | T57: 255300 | U57: 839050 | V57: 196350 | W57: 1091300 | X57: 493150 | Y57: 570300 | AD57: =SUM(R57:AC57) -> 4459820 | AE57: =IF(OR(AD57="", P57=""), 0, IFERROR((AD57-P57)/P57, IF(AD57<>0, 1, 0))) -> -0.16235714 | AF57: =IFERROR(_xlfn.RANK.EQ(AD57, $AD$2:$AD$2064), "") -> 100 | AH57: (주)이마트 | AI57: 328900 | AJ57: 72150 | AK57: =AJ57-AI57 -> -256750 | AL57: =IFERROR((AJ57-AI57)/AI57, 0) -> -0.78063241
A58: (주)이랜드 | B58: SHANGHAI XIJIN | C58: 285200 | D58: 305800 | E58: 566550 | F58: 27850 | G58: 436120 | H58: 136620 | I58: 0 | J58: 180500 | K58: 180500 | L58: 1667550 | M58: 410750 | N58: 224000 | O58: 510350 | P58: =SUM(C58:I58,K58) -> 1938640 | Q58: =SUM(C58:J58,L58:O58) -> 4751290 | R58: 270000 | S58: 94150 | T58: 0 | U58: 1069300 | V58: 162400 | W58: 0 | X58: 33000 | Y58: 378370 | AD58: =SUM(R58:AC58) -> 2007220 | AE58: =IF(OR(AD58="", P58=""), 0, IFERROR((AD58-P58)/P58, IF(AD58<>0, 1, 0))) -> 0.035375315 | AF58: =IFERROR(_xlfn.RANK.EQ(AD58, $AD$2:$AD$2064), "") -> 211 | AH58: (주)에프앤에프 | AI58: 147500 | AJ58: 65000 | AK58: =AJ58-AI58 -> -82500 | AL58: =IFERROR((AJ58-AI58)/AI58, 0) -> -0.55932203
A59: (주)이랜드 | B59: JIEYANG QITAI TRADE CO.,LTD | C59: 140000 | D59: 0 | E59: 1616000 | F59: 0 | G59: 0 | H59: 261000 | I59: 517300 | J59: 0 | K59: 0 | L59: 266700 | M59: 0 | N59: 1431100 | O59: 858700 | P59: =SUM(C59:I59,K59) -> 2534300 | Q59: =SUM(C59:J59,L59:O59) -> 5090800 | V59: 510350 | W59: 0 | X59: 0 | Y59: 0 | AD59: =SUM(R59:AC59) -> 510350 | AE59: =IF(OR(AD59="", P59=""), 0, IFERROR((AD59-P59)/P59, IF(AD59<>0, 1, 0))) -> -0.79862289 | AF59: =IFERROR(_xlfn.RANK.EQ(AD59, $AD$2:$AD$2064), "") -> 432 | AH59: 광림통상_서양네트웍스 | AI59: 0 | AJ59: 31800 | AK59: =AJ59-AI59 -> 31800 | AL59: =IFERROR((AJ59-AI59)/AI59, 0) -> 0
A60: (주)이랜드 | B60: GUANGZHOU LEKE | C60: 274500 | D60: 247100 | E60: 386600 | F60: 249700 | G60: 359300 | H60: 226750 | I60: 635350 | J60: 975300 | K60: 975300 | L60: 179300 | M60: 0 | N60: 119200 | O60: 375400 | P60: =SUM(C60:I60,K60) -> 3354600 | Q60: =SUM(C60:J60,L60:O60) -> 4028500 | R60: 387450 | S60: 201050 | T60: 175250 | U60: 262100 | V60: 199250 | W60: 108600 | X60: 101200 | Y60: 60050 | AD60: =SUM(R60:AC60) -> 1494950 | AE60: =IF(OR(AD60="", P60=""), 0, IFERROR((AD60-P60)/P60, IF(AD60<>0, 1, 0))) -> -0.55435819 | AF60: =IFERROR(_xlfn.RANK.EQ(AD60, $AD$2:$AD$2064), "") -> 248 | AH60: 케이투코리아(주) | AI60: 0 | AJ60: 21000 | AK60: =AJ60-AI60 -> 21000 | AL60: =IFERROR((AJ60-AI60)/AI60, 0) -> 0
A61: (주)이랜드 | B61: HANGZHOU TUOFENG | C61: 0 | D61: 724850 | E61: 117000 | F61: 558350 | G61: 0 | H61: 0 | I61: 1209750 | J61: 4291000 | K61: 3810350 | L61: 204200 | M61: 0 | N61: 839400 | O61: 270800 | P61: =SUM(C61:I61,K61) -> 6420300 | Q61: =SUM(C61:J61,L61:O61) -> 8215350 | R61: 455900 | S61: 16550 | T61: 285050 | U61: 703500 | V61: 219500 | W61: 0 | X61: 872600 | Y61: 2575350 | AD61: =SUM(R61:AC61) -> 5128450 | AE61: =IF(OR(AD61="", P61=""), 0, IFERROR((AD61-P61)/P61, IF(AD61<>0, 1, 0))) -> -0.20121334 | AF61: =IFERROR(_xlfn.RANK.EQ(AD61, $AD$2:$AD$2064), "") -> 87 | AH61: 주식회사 차일디 | AI61: 0 | AJ61: 0 | AK61: =AJ61-AI61 -> 0 | AL61: =IFERROR((AJ61-AI61)/AI61, 0) -> 0
A62: (주)이랜드 | B62: JINPAI JINGBIAN KEJIYOUXIANGONGSI | C62: 751900 | D62: 115150 | E62: 0 | F62: 73150 | G62: 372400 | H62: 73150 | I62: 0 | J62: 0 | K62: 0 | L62: 0 | M62: 367950 | N62: 0 | O62: 123150 | P62: =SUM(C62:I62,K62) -> 1385750 | Q62: =SUM(C62:J62,L62:O62) -> 1876850 | R62: 365750 | T62: 0 | U62: 107220 | V62: 0 | W62: 0 | X62: 0 | Y62: 0 | AD62: =SUM(R62:AC62) -> 472970 | AE62: =IF(OR(AD62="", P62=""), 0, IFERROR((AD62-P62)/P62, IF(AD62<>0, 1, 0))) -> -0.65869024 | AF62: =IFERROR(_xlfn.RANK.EQ(AD62, $AD$2:$AD$2064), "") -> 455 | AH62: 푸마코리아 유한회사 | AI62: 810800 | AJ62: 0 | AK62: =AJ62-AI62 -> -810800 | AL62: =IFERROR((AJ62-AI62)/AI62, 0) -> -1
A63: (주)이랜드 | B63: WUJIANG CHUTIAN TEXTILE | C63: 267570 | D63: 169350 | E63: 95400 | F63: 610400 | G63: 155700 | H63: 167000 | I63: 0 | J63: 0 | K63: 0 | L63: 0 | M63: 513850 | N63: 0 | O63: 256850 | P63: =SUM(C63:I63,K63) -> 1465420 | Q63: =SUM(C63:J63,L63:O63) -> 2236120 | R63: 296700 | T63: 1073900 | U63: 11650 | V63: 0 | W63: 0 | X63: 308000 | Y63: 467500 | AD63: =SUM(R63:AC63) -> 2157750 | AE63: =IF(OR(AD63="", P63=""), 0, IFERROR((AD63-P63)/P63, IF(AD63<>0, 1, 0))) -> 0.47244476 | AF63: =IFERROR(_xlfn.RANK.EQ(AD63, $AD$2:$AD$2064), "") -> 201 | AH63: 주식회사 딥다이브 | AI63: 0 | AJ63: 0 | AK63: =AJ63-AI63 -> 0 | AL63: =IFERROR((AJ63-AI63)/AI63, 0) -> 0
A64: (주)이랜드 | B64: DONGGUAN JINZHI FUSHI | C64: 0 | D64: 40950 | E64: 280050 | F64: 851300 | G64: 48750 | H64: 671550 | I64: 1182700 | J64: 39200 | K64: 39200 | L64: 723850 | M64: 81300 | N64: 729350 | P64: =SUM(C64:I64,K64) -> 3114500 | Q64: =SUM(C64:J64,L64:O64) -> 4649000 | R64: 695900 | S64: 13400 | T64: 101050 | U64: 767650 | V64: 352250 | W64: 0 | X64: 88750 | Y64: 646970 | AD64: =SUM(R64:AC64) -> 2665970 | AE64: =IF(OR(AD64="", P64=""), 0, IFERROR((AD64-P64)/P64, IF(AD64<>0, 1, 0))) -> -0.14401349 | AF64: =IFERROR(_xlfn.RANK.EQ(AD64, $AD$2:$AD$2064), "") -> 166 | AH64: (주)배럴 | AI64: 0 | AJ64: 0 | AK64: =AJ64-AI64 -> 0 | AL64: =IFERROR((AJ64-AI64)/AI64, 0) -> 0
A65: (주)이랜드 | B65: YANTAI ZHOUXU TRADING CO.,LTD | D65: 0 | E65: 993420 | F65: 99450 | G65: 95150 | H65: 727700 | I65: 780400 | J65: 750900 | K65: 750900 | L65: 624750 | M65: 383750 | N65: 200100 | O65: 7450 | P65: =SUM(C65:I65,K65) -> 3447020 | Q65: =SUM(C65:J65,L65:O65) -> 4663070 | AD65: =SUM(R65:AC65) -> 0 | AE65: =IF(OR(AD65="", P65=""), 0, IFERROR((AD65-P65)/P65, IF(AD65<>0, 1, 0))) -> -1 | AF65: =IFERROR(_xlfn.RANK.EQ(AD65, $AD$2:$AD$2064), "") -> 983 | AH65: (주)더네이쳐홀딩스 | AI65: 990300 | AJ65: 0 | AK65: =AJ65-AI65 -> -990300 | AL65: =IFERROR((AJ65-AI65)/AI65, 0) -> -1
A66: (주)이랜드 | B66: WUJIANG SANDING FABRIC CO., LTD. | C66: 146600 | D66: 93300 | E66: 651050 | F66: 293250 | G66: 0 | H66: 435750 | I66: 564570 | J66: 1343950 | K66: 1116600 | L66: 539250 | M66: 962850 | N66: 1206450 | O66: 115250 | P66: =SUM(C66:I66,K66) -> 3301120 | Q66: =SUM(C66:J66,L66:O66) -> 6352270 | R66: 597700 | S66: 68700 | T66: 1170400 | U66: 614750 | V66: 317850 | W66: 356850 | X66: 1229950 | Y66: 355750 | AD66: =SUM(R66:AC66) -> 4711950 | AE66: =IF(OR(AD66="", P66=""), 0, IFERROR((AD66-P66)/P66, IF(AD66<>0, 1, 0))) -> 0.42737919 | AF66: =IFERROR(_xlfn.RANK.EQ(AD66, $AD$2:$AD$2064), "") -> 95 | AH66: KC 공급자적합성확인 | AI66: 0 | AJ66: 0 | AK66: =AJ66-AI66 -> 0 | AL66: =IFERROR((AJ66-AI66)/AI66, 0) -> 0
A67: (주)이랜드 | B67: SHAOXING XIEYI | C67: 330800 | D67: 0 | E67: 590850 | F67: 234350 | G67: 13400 | H67: 0 | I67: 0 | J67: 0 | K67: 0 | L67: 264050 | M67: 598100 | N67: 0 | P67: =SUM(C67:I67,K67) -> 1169400 | Q67: =SUM(C67:J67,L67:O67) -> 2031550 | V67: 115250 | W67: 0 | X67: 0 | Y67: 0 | AD67: =SUM(R67:AC67) -> 115250 | AE67: =IF(OR(AD67="", P67=""), 0, IFERROR((AD67-P67)/P67, IF(AD67<>0, 1, 0))) -> -0.90144519 | AF67: =IFERROR(_xlfn.RANK.EQ(AD67, $AD$2:$AD$2064), "") -> 723 | AH67: 주식회사 메디쿼터스 | AI67: 0 | AJ67: 0 | AK67: =AJ67-AI67 -> 0 | AL67: =IFERROR((AJ67-AI67)/AI67, 0) -> 0
A68: (주)이랜드 | B68: 주식회사 미라이인터내셔널 | D68: 0 | E68: 1151700 | F68: 0 | G68: 0 | H68: 0 | I68: 0 | J68: 0 | K68: 0 | L68: 0 | M68: 0 | N68: 0 | P68: =SUM(C68:I68,K68) -> 1151700 | Q68: =SUM(C68:J68,L68:O68) -> 1151700 | AD68: =SUM(R68:AC68) -> 0 | AE68: =IF(OR(AD68="", P68=""), 0, IFERROR((AD68-P68)/P68, IF(AD68<>0, 1, 0))) -> -1 | AF68: =IFERROR(_xlfn.RANK.EQ(AD68, $AD$2:$AD$2064), "") -> 983 | AH68: (주)우인어패럴 | AI68: 30000 | AJ68: 0 | AK68: =AJ68-AI68 -> -30000 | AL68: =IFERROR((AJ68-AI68)/AI68, 0) -> -1
A69: (주)이랜드 | B69: SHAOXING XIARI | C69: 205000 | D69: 0 | E69: 387800 | F69: 446250 | G69: 61800 | H69: 0 | I69: 31000 | J69: 0 | K69: 0 | L69: 45150 | M69: 664000 | N69: 530500 | O69: 162050 | P69: =SUM(C69:I69,K69) -> 1131850 | Q69: =SUM(C69:J69,L69:O69) -> 2533550 | U69: 137650 | V69: 316400 | W69: 183950 | X69: 0 | Y69: 0 | AD69: =SUM(R69:AC69) -> 638000 | AE69: =IF(OR(AD69="", P69=""), 0, IFERROR((AD69-P69)/P69, IF(AD69<>0, 1, 0))) -> -0.43632107 | AF69: =IFERROR(_xlfn.RANK.EQ(AD69, $AD$2:$AD$2064), "") -> 397 | AH69: (주)시선인터내셔널 | AI69: 0 | AJ69: 0 | AK69: =AJ69-AI69 -> 0 | AL69: =IFERROR((AJ69-AI69)/AI69, 0) -> 0
A70: (주)이랜드 | B70: SUZHOU QUANWEI | C70: 218950 | D70: 0 | E70: 0 | F70: 355250 | G70: 523400 | H70: 93550 | I70: 0 | J70: 480100 | K70: 480100 | L70: 0 | M70: 0 | N70: 223150 | P70: =SUM(C70:I70,K70) -> 1671250 | Q70: =SUM(C70:J70,L70:O70) -> 1894400 | V70: 162400 | W70: 754400 | X70: 0 | Y70: 266350 | AD70: =SUM(R70:AC70) -> 1183150 | AE70: =IF(OR(AD70="", P70=""), 0, IFERROR((AD70-P70)/P70, IF(AD70<>0, 1, 0))) -> -0.29205684 | AF70: =IFERROR(_xlfn.RANK.EQ(AD70, $AD$2:$AD$2064), "") -> 288 | AH70: 제일모직(주)패션부문 | AI70: 8500 | AJ70: 0 | AK70: =AJ70-AI70 -> -8500 | AL70: =IFERROR((AJ70-AI70)/AI70, 0) -> -1
A71: (주)이랜드 | B71: WENZHOU ALFA TRADING CO.,LTD | D71: 241400 | E71: 724200 | F71: 0 | G71: 0 | H71: 0 | I71: 5022500 | J71: 581400 | K71: 581400 | L71: 279200 | M71: 692400 | N71: 477000 | O71: 306600 | P71: =SUM(C71:I71,K71) -> 6569500 | Q71: =SUM(C71:J71,L71:O71) -> 8324700 | R71: 600400 | S71: 711000 | T71: 0 | U71: 610400 | V71: 0 | W71: 305200 | X71: 605400 | Y71: 0 | AD71: =SUM(R71:AC71) -> 2832400 | AE71: =IF(OR(AD71="", P71=""), 0, IFERROR((AD71-P71)/P71, IF(AD71<>0, 1, 0))) -> -0.56885608 | AF71: =IFERROR(_xlfn.RANK.EQ(AD71, $AD$2:$AD$2064), "") -> 157 | AH71: 코오롱인더스트리(주)FNC부문_코오롱스포츠 | AI71: 0 | AJ71: 0 | AK71: =AJ71-AI71 -> 0 | AL71: =IFERROR((AJ71-AI71)/AI71, 0) -> 0
A72: (주)이랜드 | B72: RONLUO(TAIZHOU)INTERNATIONAL TRADING CO.,LTD | C72: 110500 | D72: 0 | E72: 0 | F72: 772200 | G72: 0 | H72: 0 | I72: 0 | J72: 0 | K72: 0 | L72: 0 | M72: 0 | N72: 0 | P72: =SUM(C72:I72,K72) -> 882700 | Q72: =SUM(C72:J72,L72:O72) -> 882700 | R72: 1067900 | T72: 0 | U72: 0 | V72: 109950 | W72: 0 | X72: 0 | Y72: 0 | AD72: =SUM(R72:AC72) -> 1177850 | AE72: =IF(OR(AD72="", P72=""), 0, IFERROR((AD72-P72)/P72, IF(AD72<>0, 1, 0))) -> 0.33437181 | AF72: =IFERROR(_xlfn.RANK.EQ(AD72, $AD$2:$AD$2064), "") -> 289 | AH72: KC 안전품질표시=본원 | AI72: 3677600 | AJ72: 0 | AK72: =AJ72-AI72 -> -3677600 | AL72: =IFERROR((AJ72-AI72)/AI72, 0) -> -1
A73: (주)이랜드 | B73: GOLDEN RICH | C73: 0 | D73: 60550 | E73: 265800 | F73: 140700 | G73: 440950 | H73: 542000 | I73: 1327100 | J73: 328400 | K73: 205550 | L73: 533000 | M73: 0 | N73: 0 | P73: =SUM(C73:I73,K73) -> 2982650 | Q73: =SUM(C73:J73,L73:O73) -> 3638500 | AD73: =SUM(R73:AC73) -> 0 | AE73: =IF(OR(AD73="", P73=""), 0, IFERROR((AD73-P73)/P73, IF(AD73<>0, 1, 0))) -> -1 | AF73: =IFERROR(_xlfn.RANK.EQ(AD73, $AD$2:$AD$2064), "") -> 983 | AH73: (주)위비스 | AI73: 0 | AJ73: 0 | AK73: =AJ73-AI73 -> 0 | AL73: =IFERROR((AJ73-AI73)/AI73, 0) -> 0
A74: (주)이랜드 | B74: SHAOXING TAIXU IMPORT AND EXPORT CO..LTD | D74: 0 | E74: 48650 | F74: 454300 | G74: 373500 | H74: 356400 | I74: 390700 | J74: 180000 | K74: 135550 | L74: 171500 | M74: 75250 | N74: 66850 | O74: 188300 | P74: =SUM(C74:I74,K74) -> 1759100 | Q74: =SUM(C74:J74,L74:O74) -> 2305450 | T74: 265650 | U74: 81750 | V74: 0 | W74: 0 | X74: 0 | Y74: 0 | AD74: =SUM(R74:AC74) -> 347400 | AE74: =IF(OR(AD74="", P74=""), 0, IFERROR((AD74-P74)/P74, IF(AD74<>0, 1, 0))) -> -0.80251265 | AF74: =IFERROR(_xlfn.RANK.EQ(AD74, $AD$2:$AD$2064), "") -> 505 | AH74: KC 안전기준준수=반사안전조끼 | AI74: 0 | AJ74: 0 | AK74: =AJ74-AI74 -> 0 | AL74: =IFERROR((AJ74-AI74)/AI74, 0) -> 0
A75: (주)이랜드 | B75: LEA INTERNATIONAL GROUP LIMITED | C75: 306000 | D75: 0 | F75: 258250 | G75: 288250 | H75: 1258200 | I75: 3381050 | J75: 2209500 | K75: 2209500 | L75: 132900 | M75: 6182850 | N75: 748500 | O75: 2717700 | P75: =SUM(C75:I75,K75) -> 7701250 | Q75: =SUM(C75:J75,L75:O75) -> 17483200 | R75: 1635550 | S75: 746800 | T75: 0 | U75: 1795000 | V75: 1003050 | W75: 2250050 | X75: 2477000 | Y75: 160200 | AD75: =SUM(R75:AC75) -> 10067650 | AE75: =IF(OR(AD75="", P75=""), 0, IFERROR((AD75-P75)/P75, IF(AD75<>0, 1, 0))) -> 0.30727479 | AF75: =IFERROR(_xlfn.RANK.EQ(AD75, $AD$2:$AD$2064), "") -> 33 | AH75: (주)브랜드엑스코퍼레이션 | AI75: 85000 | AJ75: 0 | AK75: =AJ75-AI75 -> -85000 | AL75: =IFERROR((AJ75-AI75)/AI75, 0) -> -1
A76: (주)이랜드 | B76: SHAOXING KEQIAO YINENG FANGZHI | C76: 0 | D76: 218150 | E76: 633700 | F76: 0 | G76: 0 | H76: 0 | I76: 0 | J76: 0 | K76: 0 | L76: 0 | M76: 0 | N76: 0 | P76: =SUM(C76:I76,K76) -> 851850 | Q76: =SUM(C76:J76,L76:O76) -> 851850 | AD76: =SUM(R76:AC76) -> 0 | AE76: =IF(OR(AD76="", P76=""), 0, IFERROR((AD76-P76)/P76, IF(AD76<>0, 1, 0))) -> -1 | AF76: =IFERROR(_xlfn.RANK.EQ(AD76, $AD$2:$AD$2064), "") -> 983 | AH76: (주)뱅뱅어패럴 | AI76: 258400 | AJ76: 0 | AK76: =AJ76-AI76 -> -258400 | AL76: =IFERROR((AJ76-AI76)/AI76, 0) -> -1
A77: (주)이랜드 | B77: SHANTOU GG FOOTWEAR CO., LTD. | C77: 206750 | D77: 0 | E77: 457900 | F77: 0 | G77: 153500 | H77: 0 | I77: 0 | J77: 0 | K77: 0 | L77: 0 | M77: 0 | N77: 0 | O77: 141500 | P77: =SUM(C77:I77,K77) -> 818150 | Q77: =SUM(C77:J77,L77:O77) -> 959650 | R77: 337350 | T77: 0 | U77: 670300 | V77: 0 | W77: 0 | X77: 0 | Y77: 0 | AD77: =SUM(R77:AC77) -> 1007650 | AE77: =IF(OR(AD77="", P77=""), 0, IFERROR((AD77-P77)/P77, IF(AD77<>0, 1, 0))) -> 0.23162012 | AF77: =IFERROR(_xlfn.RANK.EQ(AD77, $AD$2:$AD$2064), "") -> 316 | AH77: (주)LF | AI77: 0 | AJ77: 0 | AK77: =AJ77-AI77 -> 0 | AL77: =IFERROR((AJ77-AI77)/AI77, 0) -> 0
A78: (주)이랜드 | B78: WEIHAI XINRI INTERNATION TRADE CO.,LTD | D78: 0 | F78: 0 | G78: 707100 | H78: 0 | I78: 0 | J78: 0 | K78: 0 | L78: 0 | M78: 0 | N78: 0 | O78: 17000 | P78: =SUM(C78:I78,K78) -> 707100 | Q78: =SUM(C78:J78,L78:O78) -> 724100 | AD78: =SUM(R78:AC78) -> 0 | AE78: =IF(OR(AD78="", P78=""), 0, IFERROR((AD78-P78)/P78, IF(AD78<>0, 1, 0))) -> -1 | AF78: =IFERROR(_xlfn.RANK.EQ(AD78, $AD$2:$AD$2064), "") -> 983 | AH78: (주)에프앤에프_수프라 | AI78: 2496000 | AJ78: 0 | AK78: =AJ78-AI78 -> -2496000 | AL78: =IFERROR((AJ78-AI78)/AI78, 0) -> -1
A79: (주)이랜드 | B79: SUZHOU HERUI | D79: 22500 | E79: 429200 | F79: 276700 | G79: 54000 | H79: 54000 | I79: 0 | J79: 116800 | K79: 116800 | L79: 0 | M79: 290950 | N79: 149800 | O79: 80600 | P79: =SUM(C79:I79,K79) -> 953200 | Q79: =SUM(C79:J79,L79:O79) -> 1474550 | T79: 99150 | U79: 0 | V79: 0 | W79: 0 | X79: 0 | Y79: 0 | AD79: =SUM(R79:AC79) -> 99150 | AE79: =IF(OR(AD79="", P79=""), 0, IFERROR((AD79-P79)/P79, IF(AD79<>0, 1, 0))) -> -0.89598196 | AF79: =IFERROR(_xlfn.RANK.EQ(AD79, $AD$2:$AD$2064), "") -> 743 | AH79: GUESS | AI79: 325500 | AJ79: 0 | AK79: =AJ79-AI79 -> -325500 | AL79: =IFERROR((AJ79-AI79)/AI79, 0) -> -1
A80: (주)이랜드 | B80: HUAXIN FUSHI | C80: 68500 | D80: 33200 | E80: 108000 | F80: 337250 | G80: 219450 | H80: 174150 | I80: 382800 | J80: 490050 | K80: 490050 | L80: 111350 | M80: 180740 | N80: 78200 | O80: 953200 | P80: =SUM(C80:I80,K80) -> 1813400 | Q80: =SUM(C80:J80,L80:O80) -> 3136890 | R80: 5200 | T80: 239400 | U80: 465200 | V80: 295000 | W80: 239800 | X80: 1778500 | Y80: 544800 | AD80: =SUM(R80:AC80) -> 3567900 | AE80: =IF(OR(AD80="", P80=""), 0, IFERROR((AD80-P80)/P80, IF(AD80<>0, 1, 0))) -> 0.96751958 | AF80: =IFERROR(_xlfn.RANK.EQ(AD80, $AD$2:$AD$2064), "") -> 130 | AH80: 총합계 | AI80: 1717194610 | AJ80: 1867986570 | AK80: =AJ80-AI80 -> 150791960 | AL80: =IFERROR((AJ80-AI80)/AI80, 0) -> 0.087812971
A81: (주)이랜드 | B81: Tongxiang Hengqi Textile Co., Ltd | D81: 0 | F81: 460750 | G81: 299770 | H81: 0 | I81: 0 | J81: 0 | K81: 0 | L81: 0 | M81: 0 | N81: 0 | P81: =SUM(C81:I81,K81) -> 760520 | Q81: =SUM(C81:J81,L81:O81) -> 760520 | AD81: =SUM(R81:AC81) -> 0 | AE81: =IF(OR(AD81="", P81=""), 0, IFERROR((AD81-P81)/P81, IF(AD81<>0, 1, 0))) -> -1 | AF81: =IFERROR(_xlfn.RANK.EQ(AD81, $AD$2:$AD$2064), "") -> 983
A82: (주)이랜드 | B82: Guangzhou Hong Cheng Leather Goods Co., Ltd | C82: 241400 | D82: 0 | E82: 241400 | F82: 241400 | G82: 0 | H82: 13400 | I82: 439700 | J82: 151400 | K82: 151400 | L82: 1257100 | M82: 83800 | N82: 0 | O82: 62100 | P82: =SUM(C82:I82,K82) -> 1328700 | Q82: =SUM(C82:J82,L82:O82) -> 2731700 | R82: 27600 | S82: 251600 | T82: 738900 | U82: 0 | V82: 0 | W82: 269600 | X82: 411900 | Y82: 160700 | AD82: =SUM(R82:AC82) -> 1860300 | AE82: =IF(OR(AD82="", P82=""), 0, IFERROR((AD82-P82)/P82, IF(AD82<>0, 1, 0))) -> 0.40009031 | AF82: =IFERROR(_xlfn.RANK.EQ(AD82, $AD$2:$AD$2064), "") -> 223
A83: (주)이랜드 | B83: YADONG(CHANGZHOU) KEJI | C83: 0 | D83: 0 | E83: 0 | F83: 224700 | G83: 491400 | H83: 8500 | I83: 0 | J83: 0 | K83: 0 | L83: 449400 | M83: 112350 | N83: 149800 | P83: =SUM(C83:I83,K83) -> 724600 | Q83: =SUM(C83:J83,L83:O83) -> 1436150 | U83: 372250 | V83: 149800 | W83: 251650 | X83: 0 | Y83: 0 | AD83: =SUM(R83:AC83) -> 773700 | AE83: =IF(OR(AD83="", P83=""), 0, IFERROR((AD83-P83)/P83, IF(AD83<>0, 1, 0))) -> 0.067761524 | AF83: =IFERROR(_xlfn.RANK.EQ(AD83, $AD$2:$AD$2064), "") -> 361
A84: (주)이랜드 | B84: YANTAI MINGZHEN FUZHUANG | C84: 506500 | D84: 213950 | E84: 186350 | F84: 0 | G84: 0 | H84: 0 | I84: 0 | J84: 0 | K84: 0 | L84: 0 | M84: 0 | N84: 0 | P84: =SUM(C84:I84,K84) -> 906800 | Q84: =SUM(C84:J84,L84:O84) -> 906800 | AD84: =SUM(R84:AC84) -> 0 | AE84: =IF(OR(AD84="", P84=""), 0, IFERROR((AD84-P84)/P84, IF(AD84<>0, 1, 0))) -> -1 | AF84: =IFERROR(_xlfn.RANK.EQ(AD84, $AD$2:$AD$2064), "") -> 983
A85: (주)이랜드 | B85: JIANGYINSHI HENGCHANG KNITTING CO.,LTD | C85: 85250 | D85: 0 | E85: 127650 | F85: 384250 | G85: 54250 | H85: 94000 | I85: 0 | J85: 197700 | K85: 15500 | L85: 82900 | M85: 130450 | N85: 0 | P85: =SUM(C85:I85,K85) -> 760900 | Q85: =SUM(C85:J85,L85:O85) -> 1156450 | W85: 117800 | X85: 0 | Y85: 0 | AD85: =SUM(R85:AC85) -> 117800 | AE85: =IF(OR(AD85="", P85=""), 0, IFERROR((AD85-P85)/P85, IF(AD85<>0, 1, 0))) -> -0.84518334 | AF85: =IFERROR(_xlfn.RANK.EQ(AD85, $AD$2:$AD$2064), "") -> 717
A86: (주)이랜드 | B86: (주)이랜드글로벌 | P86: =SUM(C86:I86,K86) -> 0 | Q86: =SUM(C86:J86,L86:O86) -> 0 | AD86: =SUM(R86:AC86) -> 0 | AE86: =IF(OR(AD86="", P86=""), 0, IFERROR((AD86-P86)/P86, IF(AD86<>0, 1, 0))) -> 0 | AF86: =IFERROR(_xlfn.RANK.EQ(AD86, $AD$2:$AD$2064), "") -> 983
A87: (주)이랜드 | B87: DONGGUANSHI LINLISENFUSHIYOUXIANGONGSI | D87: 0 | E87: 615000 | F87: 0 | G87: 0 | H87: 0 | I87: 0 | J87: 0 | K87: 0 | L87: 0 | M87: 0 | N87: 0 | P87: =SUM(C87:I87,K87) -> 615000 | Q87: =SUM(C87:J87,L87:O87) -> 615000 | AD87: =SUM(R87:AC87) -> 0 | AE87: =IF(OR(AD87="", P87=""), 0, IFERROR((AD87-P87)/P87, IF(AD87<>0, 1, 0))) -> -1 | AF87: =IFERROR(_xlfn.RANK.EQ(AD87, $AD$2:$AD$2064), "") -> 983
A88: (주)이랜드 | B88: HANGZHOU WARMING TREND TRADING CO.,LTD | C88: 306400 | D88: 0 | E88: 301400 | F88: 0 | G88: 0 | H88: 0 | I88: 0 | J88: 0 | K88: 0 | L88: 0 | M88: 0 | N88: 0 | P88: =SUM(C88:I88,K88) -> 607800 | Q88: =SUM(C88:J88,L88:O88) -> 607800 | AD88: =SUM(R88:AC88) -> 0 | AE88: =IF(OR(AD88="", P88=""), 0, IFERROR((AD88-P88)/P88, IF(AD88<>0, 1, 0))) -> -1 | AF88: =IFERROR(_xlfn.RANK.EQ(AD88, $AD$2:$AD$2064), "") -> 983
A89: (주)이랜드 | B89: SHANGHAI YAOMA TEXTILE | D89: 273800 | E89: 73000 | F89: 130900 | G89: 124800 | H89: 7100 | I89: 0 | J89: 0 | K89: 0 | L89: 148700 | M89: 0 | N89: 133800 | O89: 9550 | P89: =SUM(C89:I89,K89) -> 609600 | Q89: =SUM(C89:J89,L89:O89) -> 901650 | AD89: =SUM(R89:AC89) -> 0 | AE89: =IF(OR(AD89="", P89=""), 0, IFERROR((AD89-P89)/P89, IF(AD89<>0, 1, 0))) -> -1 | AF89: =IFERROR(_xlfn.RANK.EQ(AD89, $AD$2:$AD$2064), "") -> 983
A90: (주)이랜드 | B90: SHANTOU SINOTIME INT'L TRADE LTD | C90: 465600 | D90: 82000 | F90: 0 | G90: 0 | H90: 0 | I90: 0 | J90: 0 | K90: 0 | L90: 0 | M90: 0 | N90: 0 | P90: =SUM(C90:I90,K90) -> 547600 | Q90: =SUM(C90:J90,L90:O90) -> 547600 | R90: 213600 | T90: 0 | U90: 0 | V90: 0 | W90: 0 | X90: 0 | Y90: 0 | AD90: =SUM(R90:AC90) -> 213600 | AE90: =IF(OR(AD90="", P90=""), 0, IFERROR((AD90-P90)/P90, IF(AD90<>0, 1, 0))) -> -0.60993426 | AF90: =IFERROR(_xlfn.RANK.EQ(AD90, $AD$2:$AD$2064), "") -> 601
A91: (주)이랜드 | B91: SHENYANG SJ SHOES CO.,LTD | C91: 0 | D91: 282800 | E91: 0 | F91: 0 | G91: 253550 | H91: 241400 | I91: 0 | J91: 0 | K91: 0 | L91: 0 | M91: 261950 | N91: 247000 | O91: 401500 | P91: =SUM(C91:I91,K91) -> 777750 | Q91: =SUM(C91:J91,L91:O91) -> 1688200 | AD91: =SUM(R91:AC91) -> 0 | AE91: =IF(OR(AD91="", P91=""), 0, IFERROR((AD91-P91)/P91, IF(AD91<>0, 1, 0))) -> -1 | AF91: =IFERROR(_xlfn.RANK.EQ(AD91, $AD$2:$AD$2064), "") -> 983
A92: (주)이랜드 | B92: WUJIANG YIYING TEXTILE CO.,LTD | C92: 214050 | D92: 0 | E92: 317950 | F92: 0 | G92: 0 | H92: 0 | I92: 0 | J92: 0 | K92: 0 | L92: 218150 | M92: 20050 | N92: 99150 | P92: =SUM(C92:I92,K92) -> 532000 | Q92: =SUM(C92:J92,L92:O92) -> 869350 | W92: 204150 | X92: 322630 | Y92: 146600 | AD92: =SUM(R92:AC92) -> 673380 | AE92: =IF(OR(AD92="", P92=""), 0, IFERROR((AD92-P92)/P92, IF(AD92<>0, 1, 0))) -> 0.26575188 | AF92: =IFERROR(_xlfn.RANK.EQ(AD92, $AD$2:$AD$2064), "") -> 388
A93: (주)이랜드 | B93: SHAOXING TAOYONG | C93: 0 | D93: 0 | E93: 171450 | F93: 153700 | G93: 179950 | H93: 0 | I93: 0 | J93: 0 | K93: 0 | L93: 156150 | M93: 146600 | N93: 622450 | O93: 979170 | P93: =SUM(C93:I93,K93) -> 505100 | Q93: =SUM(C93:J93,L93:O93) -> 2409470 | R93: 629070 | S93: 12350 | T93: 75600 | U93: 219650 | V93: 9200 | W93: 0 | X93: 325850 | Y93: 0 | AD93: =SUM(R93:AC93) -> 1271720 | AE93: =IF(OR(AD93="", P93=""), 0, IFERROR((AD93-P93)/P93, IF(AD93<>0, 1, 0))) -> 1.5177589 | AF93: =IFERROR(_xlfn.RANK.EQ(AD93, $AD$2:$AD$2064), "") -> 271
A94: (주)이랜드 | B94: XIANGXING(ZHONGGUO) | C94: 75000 | D94: 211300 | E94: 0 | F94: 0 | G94: 218150 | H94: 110250 | I94: 209200 | J94: 146600 | K94: 146600 | L94: 0 | M94: 0 | N94: 0 | O94: 267400 | P94: =SUM(C94:I94,K94) -> 970500 | Q94: =SUM(C94:J94,L94:O94) -> 1237900 | W94: 108150 | X94: 148600 | Y94: 0 | AD94: =SUM(R94:AC94) -> 256750 | AE94: =IF(OR(AD94="", P94=""), 0, IFERROR((AD94-P94)/P94, IF(AD94<>0, 1, 0))) -> -0.73544565 | AF94: =IFERROR(_xlfn.RANK.EQ(AD94, $AD$2:$AD$2064), "") -> 562
A95: (주)이랜드 | B95: B L K | D95: 213500 | E95: 276000 | F95: 0 | G95: 0 | H95: 9400 | I95: 689900 | J95: 0 | K95: 0 | L95: 0 | M95: 0 | N95: 0 | P95: =SUM(C95:I95,K95) -> 1188800 | Q95: =SUM(C95:J95,L95:O95) -> 1188800 | AD95: =SUM(R95:AC95) -> 0 | AE95: =IF(OR(AD95="", P95=""), 0, IFERROR((AD95-P95)/P95, IF(AD95<>0, 1, 0))) -> -1 | AF95: =IFERROR(_xlfn.RANK.EQ(AD95, $AD$2:$AD$2064), "") -> 983
A96: (주)이랜드 | B96: GUANGZHOU MEIQI | D96: 0 | F96: 482800 | G96: 0 | H96: 0 | I96: 19000 | J96: 0 | K96: 0 | L96: 0 | M96: 0 | N96: 0 | O96: 124600 | P96: =SUM(C96:I96,K96) -> 501800 | Q96: =SUM(C96:J96,L96:O96) -> 626400 | AD96: =SUM(R96:AC96) -> 0 | AE96: =IF(OR(AD96="", P96=""), 0, IFERROR((AD96-P96)/P96, IF(AD96<>0, 1, 0))) -> -1 | AF96: =IFERROR(_xlfn.RANK.EQ(AD96, $AD$2:$AD$2064), "") -> 983
A97: (주)이랜드 | B97: XIA MEN SAINT SUN UMBRELLA CO.,LTD | C97: 0 | D97: 235900 | E97: 235900 | F97: 0 | G97: 0 | H97: 235900 | I97: 7100 | J97: 360850 | K97: 360850 | L97: 0 | M97: 0 | N97: 242900 | P97: =SUM(C97:I97,K97) -> 1075650 | Q97: =SUM(C97:J97,L97:O97) -> 1318550 | T97: 249900 | U97: 0 | V97: 0 | W97: 0 | X97: 0 | Y97: 0 | AD97: =SUM(R97:AC97) -> 249900 | AE97: =IF(OR(AD97="", P97=""), 0, IFERROR((AD97-P97)/P97, IF(AD97<>0, 1, 0))) -> -0.76767536 | AF97: =IFERROR(_xlfn.RANK.EQ(AD97, $AD$2:$AD$2064), "") -> 569
A98: (주)이랜드 | B98: DONGGUAN YINGJI | C98: 0 | D98: 0 | E98: 454850 | F98: 0 | G98: 0 | H98: 0 | I98: 0 | J98: 0 | K98: 0 | L98: 0 | M98: 0 | N98: 0 | P98: =SUM(C98:I98,K98) -> 454850 | Q98: =SUM(C98:J98,L98:O98) -> 454850 | AD98: =SUM(R98:AC98) -> 0 | AE98: =IF(OR(AD98="", P98=""), 0, IFERROR((AD98-P98)/P98, IF(AD98<>0, 1, 0))) -> -1 | AF98: =IFERROR(_xlfn.RANK.EQ(AD98, $AD$2:$AD$2064), "") -> 983
A99: (주)이랜드 | B99: WUJIANG FUHUA TEXTILE CO., LTD. | C99: 146600 | D99: 136700 | E99: 0 | F99: 150700 | G99: 0 | H99: 0 | I99: 0 | J99: 0 | K99: 0 | L99: 0 | M99: 444250 | N99: 209150 | P99: =SUM(C99:I99,K99) -> 434000 | Q99: =SUM(C99:J99,L99:O99) -> 1087400 | R99: 153050 | T99: 66600 | U99: 217550 | V99: 689900 | W99: 281000 | X99: 340000 | Y99: 0 | AD99: =SUM(R99:AC99) -> 1748100 | AE99: =IF(OR(AD99="", P99=""), 0, IFERROR((AD99-P99)/P99, IF(AD99<>0, 1, 0))) -> 3.0278802 | AF99: =IFERROR(_xlfn.RANK.EQ(AD99, $AD$2:$AD$2064), "") -> 231
A100: (주)이랜드 | B100: WUJIANGSHI HENGXIN | C100: 0 | D100: 0 | E100: 0 | F100: 0 | G100: 426200 | H100: 426200 | I100: 0 | J100: 0 | K100: 0 | L100: 236350 | M100: 0 | N100: 0 | O100: 202100 | P100: =SUM(C100:I100,K100) -> 852400 | Q100: =SUM(C100:J100,L100:O100) -> 1290850 | T100: 231900 | U100: 0 | V100: 647350 | W100: 1084500 | X100: 352020 | Y100: 0 | AD100: =SUM(R100:AC100) -> 2315770 | AE100: =IF(OR(AD100="", P100=""), 0, IFERROR((AD100-P100)/P100, IF(AD100<>0, 1, 0))) -> 1.7167644 | AF100: =IFERROR(_xlfn.RANK.EQ(AD100, $AD$2:$AD$2064), "") -> 187
...

Sheet GB part
A1: 바이어명 | B1: 업체명 | C1: 25년 1월 | D1: 25년 2월 | E1: 25년 3월 | F1: 25년 4월 | G1: 25년 5월 | H1: 25년 6월 | I1: 25년 7월 | J1: 25년 8월 | K1: 25년 8월 (~25일) | L1: 25년 9월 | M1: 25년 10월 | N1: 25년 11월 | O1: 25년 12월 | P1: 25년 합계 (~8월 25일) | Q1: 25년 합계 | R1: 26년 1월 | S1: 26년 2월 | T1: 26년 3월 | U1: 26년 4월 | V1: 26년 5월 | W1: 26년 6월 | X1: 26년 7월 | Y1: 26년 8월 (~25일) | Z1: 26년 9월 | AA1: 26년 10월 | AB1: 26년 11월 | AC1: 26년 12월 | AD1: 26년 합계 | AE1: 증감율 | AF1: 업체 순위
A2: (주)에프앤에프_MLB | B2: Guangdong Apex Essence Textile Technology Limited | C2: 700940 | D2: 18360 | E2: 505800 | F2: 30981430 | G2: 38344860 | H2: 9811350 | I2: 21828510 | J2: 2932830 | K2: 2932830 | L2: 22383180 | M2: 35108060 | N2: 31878540 | O2: 26404470 | P2: =SUM(C2:I2,K2) -> 105124080 | Q2: =SUM(C2:J2,L2:O2) -> 220898330 | R2: 54466090 | S2: 3550320 | T2: 17626120 | U2: 25364400 | V2: 15984590 | W2: 28017360 | X2: 19386820 | Y2: 2088580 | AD2: =SUM(R2:AC2) -> 166484280 | AE2: =IF(OR(AD2="", P2=""), 0, IFERROR((AD2-P2)/P2, IF(AD2<>0, 1, 0))) -> 0.5836931 | AF2: =IFERROR(_xlfn.RANK.EQ(AD2, $AD$2:$AD$677), "") -> 1
A3: (주)에프앤에프_MLB | B3: TAIHUA HIGH-TECH DYEING & FINISHING (JIAXING) CO.,LTD. | D3: 1425600 | E3: 12718260 | F3: 6757200 | G3: 550800 | H3: 118800 | I3: 0 | J3: 1384200 | K3: 1384200 | L3: 18046440 | M3: 5625540 | N3: 734400 | O3: 2750040 | P3: =SUM(C3:I3,K3) -> 22954860 | Q3: =SUM(C3:J3,L3:O3) -> 50111280 | R3: 81000 | S3: 363250 | T3: 5807490 | U3: 10170810 | V3: 5169830 | W3: 1624150 | X3: 1234350 | Y3: 843720 | AD3: =SUM(R3:AC3) -> 25294600 | AE3: =IF(OR(AD3="", P3=""), 0, IFERROR((AD3-P3)/P3, IF(AD3<>0, 1, 0))) -> 0.10192787 | AF3: =IFERROR(_xlfn.RANK.EQ(AD3, $AD$2:$AD$677), "") -> 15 | AH3: 행 레이블 | AI3: 합계 : 25년 합계 | AJ3: 합계 : 26년 합계 | AK3: 증감수수료 | AL3: 증감율
A4: (주)에프앤에프_MLB | B4: SHANGHAI FUHUI TEXTILE TRADING CO.,LTD | D4: 550260 | E4: 9234140 | F4: 5994540 | G4: 2167560 | H4: 4327740 | I4: 1251360 | J4: 4216860 | K4: 945180 | L4: 14324760 | M4: 1386720 | N4: 3360240 | O4: 2222280 | P4: =SUM(C4:I4,K4) -> 24470780 | Q4: =SUM(C4:J4,L4:O4) -> 49036460 | R4: 345600 | T4: 2641860 | U4: 5477550 | V4: 1134900 | W4: 2675400 | X4: 1341990 | Y4: 2184100 | AD4: =SUM(R4:AC4) -> 15801400 | AE4: =IF(OR(AD4="", P4=""), 0, IFERROR((AD4-P4)/P4, IF(AD4<>0, 1, 0))) -> -0.35427477 | AF4: =IFERROR(_xlfn.RANK.EQ(AD4, $AD$2:$AD$677), "") -> 30 | AH4: 주식회사 무신사 | AI4: 539474470 | AJ4: 771305270 | AK4: =AJ4-AI4 -> 231830800 | AL4: =IFERROR((AJ4-AI4)/AI4, 0) -> 0.42973452
A5: (주)에프앤에프_MLB | B5: ZHEJIANG JIANANDA TEXTILE TECHNOLOGY CO.,LTD | C5: 361800 | D5: 50400 | E5: 8762760 | F5: 4306680 | G5: 3084410 | H5: 523570 | I5: 651540 | J5: 15114960 | L5: 8478180 | M5: 7015320 | N5: 5198760 | O5: 7517520 | P5: =SUM(C5:I5,K5) -> 17741160 | Q5: =SUM(C5:J5,L5:O5) -> 61065900 | R5: 293400 | S5: 306000 | T5: 4459050 | AD5: =SUM(R5:AC5) -> 5058450 | AE5: =IF(OR(AD5="", P5=""), 0, IFERROR((AD5-P5)/P5, IF(AD5<>0, 1, 0))) -> -0.7148749 | AF5: =IFERROR(_xlfn.RANK.EQ(AD5, $AD$2:$AD$677), "") -> 84 | AH5: (주)에프앤에프_MLB | AI5: 444138010 | AJ5: 682746620 | AK5: =AJ5-AI5 -> 238608610 | AL5: =IFERROR((AJ5-AI5)/AI5, 0) -> 0.53723979
A6: (주)에프앤에프_MLB | B6: ITOCHU TEXTILE(CHINA)CO., LTD | C6: 1030950 | D6: 593640 | E6: 4317840 | F6: 3559020 | G6: 4270930 | H6: 25116840 | I6: 15044710 | J6: 6386850 | K6: 5440320 | L6: 10154110 | M6: 18573060 | N6: 20781460 | O6: 11223180 | P6: =SUM(C6:I6,K6) -> 59374250 | Q6: =SUM(C6:J6,L6:O6) -> 121052590 | R6: 1426860 | S6: 139620 | T6: 3328250 | U6: 3010190 | V6: 7563470 | W6: 32114290 | X6: 21154650 | Y6: 13480720 | AD6: =SUM(R6:AC6) -> 82218050 | AE6: =IF(OR(AD6="", P6=""), 0, IFERROR((AD6-P6)/P6, IF(AD6<>0, 1, 0))) -> 0.38474254 | AF6: =IFERROR(_xlfn.RANK.EQ(AD6, $AD$2:$AD$677), "") -> 2 | AH6: - | AI6: 32271770 | AJ6: 138093980 | AK6: =AJ6-AI6 -> 105822210 | AL6: =IFERROR((AJ6-AI6)/AI6, 0) -> 3.2790953
A7: (주)에프앤에프_MLB | B7: 청도미준니트유한회사 | C7: 2129760 | D7: 1324800 | E7: 2525760 | F7: 2644200 | G7: 2685600 | H7: 813600 | I7: 0 | J7: 0 | K7: 0 | L7: 610200 | M7: 374400 | N7: 0 | O7: 0 | P7: =SUM(C7:I7,K7) -> 12123720 | Q7: =SUM(C7:J7,L7:O7) -> 13108320 | AD7: =SUM(R7:AC7) -> 0 | AE7: =IF(OR(AD7="", P7=""), 0, IFERROR((AD7-P7)/P7, IF(AD7<>0, 1, 0))) -> -1 | AF7: =IFERROR(_xlfn.RANK.EQ(AD7, $AD$2:$AD$677), "") -> 394 | AH7: (주)에프앤에프_MLB KIDS | AI7: 4808060 | AJ7: 96060360 | AK7: =AJ7-AI7 -> 91252300 | AL7: =IFERROR((AJ7-AI7)/AI7, 0) -> 18.979027
A8: (주)에프앤에프_MLB | B8: DONGGUAN TONGFA KNITWEARS CO., LTD. | E8: 0 | F8: 8960400 | G8: 812250 | H8: 10861650 | I8: 3353850 | J8: 2351340 | K8: 2351340 | L8: 0 | M8: 5553000 | N8: 3527820 | O8: 5072400 | P8: =SUM(C8:I8,K8) -> 26339490 | Q8: =SUM(C8:J8,L8:O8) -> 40492710 | U8: 1341600 | V8: 10714470 | W8: 15160850 | X8: 7857870 | Y8: 4408190 | AD8: =SUM(R8:AC8) -> 39482980 | AE8: =IF(OR(AD8="", P8=""), 0, IFERROR((AD8-P8)/P8, IF(AD8<>0, 1, 0))) -> 0.49900321 | AF8: =IFERROR(_xlfn.RANK.EQ(AD8, $AD$2:$AD$677), "") -> 8 | AH8: (주)에프앤에프_디스커버리 | AI8: 43972830 | AJ8: 89990230 | AK8: =AJ8-AI8 -> 46017400 | AL8: =IFERROR((AJ8-AI8)/AI8, 0) -> 1.0464962
A9: (주)에프앤에프_MLB | B9: (주)노브랜드 | E9: 4839480 | F9: 2986560 | G9: 1752840 | H9: 2519010 | I9: 897120 | J9: 5111280 | K9: 3975480 | L9: 7392600 | M9: 1014840 | N9: 1224000 | O9: 4941450 | P9: =SUM(C9:I9,K9) -> 16970490 | Q9: =SUM(C9:J9,L9:O9) -> 32679180 | R9: 302040 | S9: 809320 | T9: 0 | U9: 1060400 | V9: 4444400 | W9: 16300380 | X9: 29479790 | Y9: 10888120 | AD9: =SUM(R9:AC9) -> 63284450 | AE9: =IF(OR(AD9="", P9=""), 0, IFERROR((AD9-P9)/P9, IF(AD9<>0, 1, 0))) -> 2.729088 | AF9: =IFERROR(_xlfn.RANK.EQ(AD9, $AD$2:$AD$677), "") -> 5 | AH9: 스튜어트 주식회사 | AI9: 26407850 | AJ9: 70337730 | AK9: =AJ9-AI9 -> 43929880 | AL9: =IFERROR((AJ9-AI9)/AI9, 0) -> 1.663516
A10: (주)에프앤에프_MLB | B10: SHANGHAI HEYUN CO., LTD | E10: 0 | F10: 2752920 | G10: 6115860 | H10: 284970 | I10: 0 | J10: 0 | K10: 0 | L10: 0 | M10: 0 | N10: 0 | O10: 0 | P10: =SUM(C10:I10,K10) -> 9153750 | Q10: =SUM(C10:J10,L10:O10) -> 9153750 | AD10: =SUM(R10:AC10) -> 0 | AE10: =IF(OR(AD10="", P10=""), 0, IFERROR((AD10-P10)/P10, IF(AD10<>0, 1, 0))) -> -1 | AF10: =IFERROR(_xlfn.RANK.EQ(AD10, $AD$2:$AD$677), "") -> 394 | AH10: BBC INTERNATIONAL LLC | AI10: 13741120 | AJ10: 12987820 | AK10: =AJ10-AI10 -> -753300 | AL10: =IFERROR((AJ10-AI10)/AI10, 0) -> -0.054820859
A11: (주)에프앤에프_MLB | B11: KUNSHAN DOONLY INTERNATIONAL.CO.LTD | D11: 37800 | E11: 4045140 | F11: 2942820 | G11: 1073520 | H11: 59400 | I11: 385560 | J11: 3191400 | K11: 3191400 | L11: 1437480 | M11: 1249200 | N11: 295200 | O11: 896760 | P11: =SUM(C11:I11,K11) -> 11735640 | Q11: =SUM(C11:J11,L11:O11) -> 15614280 | R11: 16200 | T11: 3347370 | U11: 1711320 | V11: 659100 | W11: 1561170 | X11: 711750 | Y11: 0 | AD11: =SUM(R11:AC11) -> 8006910 | AE11: =IF(OR(AD11="", P11=""), 0, IFERROR((AD11-P11)/P11, IF(AD11<>0, 1, 0))) -> -0.31772703 | AF11: =IFERROR(_xlfn.RANK.EQ(AD11, $AD$2:$AD$677), "") -> 58 | AH11: (주)에프앤에프 | AI11: 2836980 | AJ11: 10539980 | AK11: =AJ11-AI11 -> 7703000 | AL11: =IFERROR((AJ11-AI11)/AI11, 0) -> 2.7152112
A12: (주)에프앤에프_MLB | B12: FOSHANSHI SHUNDEQU HONGYING ZHIYIYOUXIANGONGSI | C12: 43920 | E12: 3205800 | F12: 2796930 | G12: 688410 | H12: 8207730 | I12: 292860 | J12: 647280 | K12: 0 | L12: 2961720 | M12: 2404800 | N12: 4583610 | O12: 4870260 | P12: =SUM(C12:I12,K12) -> 15235650 | Q12: =SUM(C12:J12,L12:O12) -> 30703320 | R12: 1175220 | T12: 656370 | U12: 2283830 | V12: 541320 | W12: 7235080 | X12: 1394040 | Y12: 1275600 | AD12: =SUM(R12:AC12) -> 14561460 | AE12: =IF(OR(AD12="", P12=""), 0, IFERROR((AD12-P12)/P12, IF(AD12<>0, 1, 0))) -> -0.04425082 | AF12: =IFERROR(_xlfn.RANK.EQ(AD12, $AD$2:$AD$677), "") -> 33 | AH12: 이랜드GB | AI12: 16013950 | AJ12: 5705660 | AK12: =AJ12-AI12 -> -10308290 | AL12: =IFERROR((AJ12-AI12)/AI12, 0) -> -0.64370689
A13: (주)에프앤에프_MLB | B13: Zhejiang Mizuda Printing And Dyeing Group | C13: 589050 | D13: 102060 | E13: 459860 | F13: 2813760 | G13: 2144880 | H13: 2298240 | I13: 0 | J13: 960120 | K13: 667800 | L13: 3473640 | M13: 0 | N13: 219240 | O13: 264600 | P13: =SUM(C13:I13,K13) -> 9075650 | Q13: =SUM(C13:J13,L13:O13) -> 13325450 | S13: 399750 | T13: 1265550 | U13: 1575400 | V13: 799500 | W13: 623610 | X13: 1527630 | Y13: 910650 | AD13: =SUM(R13:AC13) -> 7102090 | AE13: =IF(OR(AD13="", P13=""), 0, IFERROR((AD13-P13)/P13, IF(AD13<>0, 1, 0))) -> -0.2174566 | AF13: =IFERROR(_xlfn.RANK.EQ(AD13, $AD$2:$AD$677), "") -> 66 | AH13: 주식회사 더캐리 | AI13: 11947560 | AJ13: 5298070 | AK13: =AJ13-AI13 -> -6649490 | AL13: =IFERROR((AJ13-AI13)/AI13, 0) -> -0.55655632
A14: (주)에프앤에프_MLB | B14: Dongguan Knitwear Manufacturers Co.,Ltd | E14: 0 | F14: 0 | G14: 5738040 | H14: 6650100 | I14: 3523500 | J14: 0 | K14: 0 | L14: 431280 | M14: 126000 | N14: 2741680 | O14: 4039200 | P14: =SUM(C14:I14,K14) -> 15911640 | Q14: =SUM(C14:J14,L14:O14) -> 23249800 | R14: 1666440 | T14: 0 | U14: 0 | V14: 0 | W14: 0 | X14: 0 | Y14: 0 | AD14: =SUM(R14:AC14) -> 1666440 | AE14: =IF(OR(AD14="", P14=""), 0, IFERROR((AD14-P14)/P14, IF(AD14<>0, 1, 0))) -> -0.89526912 | AF14: =IFERROR(_xlfn.RANK.EQ(AD14, $AD$2:$AD$677), "") -> 160 | AH14: 주식회사 하이드어웨이 | AI14: 0 | AJ14: 4890700 | AK14: =AJ14-AI14 -> 4890700 | AL14: =IFERROR((AJ14-AI14)/AI14, 0) -> 0
A15: (주)에프앤에프_MLB | B15: SHANGHAI DONGDI TEXTILE | E15: 2714400 | F15: 2987640 | G15: 135360 | H15: 0 | I15: 0 | J15: 0 | K15: 0 | L15: 1705320 | M15: 140760 | N15: 0 | O15: 0 | P15: =SUM(C15:I15,K15) -> 5837400 | Q15: =SUM(C15:J15,L15:O15) -> 7683480 | R15: 249120 | S15: 212940 | T15: 388830 | U15: 3164070 | V15: 834210 | W15: 285480 | X15: 0 | Y15: 0 | AD15: =SUM(R15:AC15) -> 5134650 | AE15: =IF(OR(AD15="", P15=""), 0, IFERROR((AD15-P15)/P15, IF(AD15<>0, 1, 0))) -> -0.1203875 | AF15: =IFERROR(_xlfn.RANK.EQ(AD15, $AD$2:$AD$677), "") -> 81 | AH15: 제일모직 GB | AI15: 712550 | AJ15: 764190 | AK15: =AJ15-AI15 -> 51640 | AL15: =IFERROR((AJ15-AI15)/AI15, 0) -> 0.072472107
A16: (주)에프앤에프_MLB | B16: TAIAN LUYI KINTTED FABRIC PRINTING AND DYING CO.LTD | E16: 5068440 | F16: 672480 | G16: 0 | H16: 0 | I16: 0 | J16: 4413780 | K16: 4413780 | L16: 0 | M16: 0 | N16: 0 | O16: 0 | P16: =SUM(C16:I16,K16) -> 10154700 | Q16: =SUM(C16:J16,L16:O16) -> 10154700 | U16: 7641660 | V16: 565500 | W16: 0 | X16: 0 | Y16: 2337000 | AD16: =SUM(R16:AC16) -> 10544160 | AE16: =IF(OR(AD16="", P16=""), 0, IFERROR((AD16-P16)/P16, IF(AD16<>0, 1, 0))) -> 0.038352684 | AF16: =IFERROR(_xlfn.RANK.EQ(AD16, $AD$2:$AD$677), "") -> 43 | AH16: (주)아가방앤컴퍼니 | AI16: 108000 | AJ16: 210600 | AK16: =AJ16-AI16 -> 102600 | AL16: =IFERROR((AJ16-AI16)/AI16, 0) -> 0.95
A17: (주)에프앤에프_MLB | B17: LIANSHENG(FUJIAN)FANGZHI | D17: 453600 | E17: 3763440 | F17: 775800 | G17: 0 | H17: 86400 | I17: 0 | J17: 4821300 | K17: 4821300 | L17: 6523200 | M17: 293400 | N17: 0 | O17: 607320 | P17: =SUM(C17:I17,K17) -> 9900540 | Q17: =SUM(C17:J17,L17:O17) -> 17324460 | R17: 622080 | T17: 2192280 | U17: 1773280 | V17: 1317390 | W17: 2287700 | X17: 0 | Y17: 3475000 | AD17: =SUM(R17:AC17) -> 11667730 | AE17: =IF(OR(AD17="", P17=""), 0, IFERROR((AD17-P17)/P17, IF(AD17<>0, 1, 0))) -> 0.1784943 | AF17: =IFERROR(_xlfn.RANK.EQ(AD17, $AD$2:$AD$677), "") -> 36 | AH17: 삼성물산(주) 패션부문 GB | AI17: 282220 | AJ17: 188250 | AK17: =AJ17-AI17 -> -93970 | AL17: =IFERROR((AJ17-AI17)/AI17, 0) -> -0.33296719
A18: (주)에프앤에프_MLB | B18: TAICANG YOULIN KNITTING CO., LTD | C18: 525600 | E18: 2542680 | F18: 1497240 | G18: 438480 | H18: 32400 | I18: 21600 | J18: 1040400 | K18: 833400 | L18: 5590020 | M18: 1931400 | N18: 920160 | O18: 426960 | P18: =SUM(C18:I18,K18) -> 5891400 | Q18: =SUM(C18:J18,L18:O18) -> 14966940 | T18: 4438980 | U18: 5284500 | V18: 1874130 | W18: 2009670 | X18: 1404390 | Y18: 983000 | AD18: =SUM(R18:AC18) -> 15994670 | AE18: =IF(OR(AD18="", P18=""), 0, IFERROR((AD18-P18)/P18, IF(AD18<>0, 1, 0))) -> 1.7149184 | AF18: =IFERROR(_xlfn.RANK.EQ(AD18, $AD$2:$AD$677), "") -> 29 | AH18: F-LEAD | AI18: 0 | AJ18: 12970 | AK18: =AJ18-AI18 -> 12970 | AL18: =IFERROR((AJ18-AI18)/AI18, 0) -> 0
A19: (주)에프앤에프_MLB | B19: ZHONGSHANSHI BLUE-FOREST FUZHUANG YOUXIANGONGSI | E19: 1735200 | F19: 1568160 | G19: 1060380 | H19: 4380130 | I19: 4399290 | J19: 730440 | K19: 546480 | L19: 331920 | M19: 504000 | N19: 7676820 | O19: 2970000 | P19: =SUM(C19:I19,K19) -> 13689640 | Q19: =SUM(C19:J19,L19:O19) -> 25356340 | R19: 288720 | T19: 357630 | U19: 246090 | V19: 0 | W19: 0 | X19: 0 | Y19: 0 | AD19: =SUM(R19:AC19) -> 892440 | AE19: =IF(OR(AD19="", P19=""), 0, IFERROR((AD19-P19)/P19, IF(AD19<>0, 1, 0))) -> -0.9348091 | AF19: =IFERROR(_xlfn.RANK.EQ(AD19, $AD$2:$AD$677), "") -> 207 | AH19: (주)브랜드엑스코퍼레이션 | AI19: 2993760 | AJ19: 0 | AK19: =AJ19-AI19 -> -2993760 | AL19: =IFERROR((AJ19-AI19)/AI19, 0) -> -1
A20: (주)에프앤에프_MLB | B20: (주)기도산업 | E20: 0 | F20: 3923640 | G20: 0 | H20: 1236600 | I20: 0 | J20: 97200 | K20: 97200 | L20: 1785600 | M20: 31500 | N20: 0 | O20: 0 | P20: =SUM(C20:I20,K20) -> 5257440 | Q20: =SUM(C20:J20,L20:O20) -> 7074540 | R20: 16200 | T20: 160290 | U20: 3006310 | V20: 951000 | W20: 0 | X20: 0 | Y20: 0 | AD20: =SUM(R20:AC20) -> 4133800 | AE20: =IF(OR(AD20="", P20=""), 0, IFERROR((AD20-P20)/P20, IF(AD20<>0, 1, 0))) -> -0.21372379 | AF20: =IFERROR(_xlfn.RANK.EQ(AD20, $AD$2:$AD$677), "") -> 93 | AH20: 제일모직(주)패션부문 | AI20: 0 | AJ20: 0 | AK20: =AJ20-AI20 -> 0 | AL20: =IFERROR((AJ20-AI20)/AI20, 0) -> 0
A21: (주)에프앤에프_MLB | B21: SHANGHAI DINGHAO FUSHI YOUXIANGONGSI | E21: 779400 | F21: 1022400 | G21: 1270450 | H21: 0 | I21: 0 | J21: 0 | K21: 0 | L21: 2142000 | M21: 252000 | N21: 126000 | O21: 756000 | P21: =SUM(C21:I21,K21) -> 3072250 | Q21: =SUM(C21:J21,L21:O21) -> 6348250 | U21: 3412500 | V21: 1365000 | W21: 682500 | X21: 0 | Y21: 0 | AD21: =SUM(R21:AC21) -> 5460000 | AE21: =IF(OR(AD21="", P21=""), 0, IFERROR((AD21-P21)/P21, IF(AD21<>0, 1, 0))) -> 0.77719912 | AF21: =IFERROR(_xlfn.RANK.EQ(AD21, $AD$2:$AD$677), "") -> 76 | AH21: 코웰패션 주식회사 | AI21: 0 | AJ21: 0 | AK21: =AJ21-AI21 -> 0 | AL21: =IFERROR((AJ21-AI21)/AI21, 0) -> 0
A22: (주)에프앤에프_MLB | B22: YANCHENG DAFENG MINQI KNITTED & FLOCKED FABRIC CO., LTD | E22: 604800 | F22: 0 | G22: 1816020 | H22: 210600 | I22: 0 | J22: 0 | K22: 0 | L22: 957600 | M22: 743400 | N22: 0 | O22: 323370 | P22: =SUM(C22:I22,K22) -> 2631420 | Q22: =SUM(C22:J22,L22:O22) -> 4655790 | S22: 23400 | T22: 1575210 | U22: 2854390 | V22: 729020 | W22: 2274070 | X22: 19500 | Y22: 0 | AD22: =SUM(R22:AC22) -> 7475590 | AE22: =IF(OR(AD22="", P22=""), 0, IFERROR((AD22-P22)/P22, IF(AD22<>0, 1, 0))) -> 1.8408958 | AF22: =IFERROR(_xlfn.RANK.EQ(AD22, $AD$2:$AD$677), "") -> 62 | AH22: (주)에프앤에프_수프라 | AI22: 0 | AJ22: 0 | AK22: =AJ22-AI22 -> 0 | AL22: =IFERROR((AJ22-AI22)/AI22, 0) -> 0
A23: (주)에프앤에프_MLB | B23: ADVANCE DENIM CO.LTD | E23: 0 | F23: 1941840 | G23: 418320 | H23: 0 | I23: 0 | J23: 0 | K23: 0 | L23: 2638080 | M23: 0 | N23: 0 | O23: 700560 | P23: =SUM(C23:I23,K23) -> 2360160 | Q23: =SUM(C23:J23,L23:O23) -> 5698800 | R23: 21600 | T23: 0 | U23: 3318510 | V23: 0 | W23: 0 | X23: 0 | Y23: 0 | AD23: =SUM(R23:AC23) -> 3340110 | AE23: =IF(OR(AD23="", P23=""), 0, IFERROR((AD23-P23)/P23, IF(AD23<>0, 1, 0))) -> 0.4152049 | AF23: =IFERROR(_xlfn.RANK.EQ(AD23, $AD$2:$AD$677), "") -> 114 | AH23: GUESS | AI23: 621520 | AJ23: 0 | AK23: =AJ23-AI23 -> -621520 | AL23: =IFERROR((AJ23-AI23)/AI23, 0) -> -1
A24: (주)에프앤에프_MLB | B24: Jiafu (Fujian) Dyeing and Finishing Co.,Ltd. | E24: 846000 | F24: 1255500 | G24: 97200 | H24: 0 | I24: 280800 | J24: 442800 | K24: 442800 | L24: 1692000 | M24: 324000 | N24: 0 | O24: 262800 | P24: =SUM(C24:I24,K24) -> 2922300 | Q24: =SUM(C24:J24,L24:O24) -> 5201100 | R24: 113400 | T24: 696150 | U24: 0 | V24: 70200 | W24: 0 | X24: 271050 | Y24: 0 | AD24: =SUM(R24:AC24) -> 1150800 | AE24: =IF(OR(AD24="", P24=""), 0, IFERROR((AD24-P24)/P24, IF(AD24<>0, 1, 0))) -> -0.6062006 | AF24: =IFERROR(_xlfn.RANK.EQ(AD24, $AD$2:$AD$677), "") -> 187 | AH24: 총합계 | AI24: =SUM(AI4:AI23) -> 1140330650 | AJ24: 1889132430 | AK24: =AJ24-AI24 -> 748801780 | AL24: =IFERROR((AJ24-AI24)/AI24, 0) -> 0.65665321
A25: (주)에프앤에프_MLB | B25: ANHUI HUAYINGXINTANG | C25: 562500 | D25: 910800 | E25: 423000 | F25: 497700 | G25: 18900 | H25: 0 | I25: 0 | J25: 0 | K25: 0 | L25: 0 | M25: 0 | N25: 0 | O25: 0 | P25: =SUM(C25:I25,K25) -> 2412900 | Q25: =SUM(C25:J25,L25:O25) -> 2412900 | T25: 3201450 | U25: 259350 | V25: 0 | W25: 0 | X25: 0 | Y25: 0 | AD25: =SUM(R25:AC25) -> 3460800 | AE25: =IF(OR(AD25="", P25=""), 0, IFERROR((AD25-P25)/P25, IF(AD25<>0, 1, 0))) -> 0.43429069 | AF25: =IFERROR(_xlfn.RANK.EQ(AD25, $AD$2:$AD$677), "") -> 111
A26: (주)에프앤에프_MLB | B26: Fujian Honggang Textile Technology Co., LTD | C26: 102600 | E26: 0 | F26: 587520 | G26: 1297800 | H26: 957240 | I26: 168300 | J26: 0 | K26: 0 | L26: 1475280 | M26: 194400 | N26: 246960 | O26: 1968840 | P26: =SUM(C26:I26,K26) -> 3113460 | Q26: =SUM(C26:J26,L26:O26) -> 6998940 | R26: 607320 | S26: 535680 | T26: 365770 | U26: 1415520 | V26: 4746420 | W26: 2308010 | X26: 295420 | Y26: 717060 | AD26: =SUM(R26:AC26) -> 10991200 | AE26: =IF(OR(AD26="", P26=""), 0, IFERROR((AD26-P26)/P26, IF(AD26<>0, 1, 0))) -> 2.5302204 | AF26: =IFERROR(_xlfn.RANK.EQ(AD26, $AD$2:$AD$677), "") -> 39
A27: (주)에프앤에프_MLB | B27: ZHEJIANG BABEI TEXTILE CO., LTD. | C27: 352800 | D27: 97200 | E27: 669600 | F27: 498960 | G27: 0 | H27: 0 | I27: 0 | J27: 180000 | K27: 180000 | L27: 684720 | M27: 0 | N27: 0 | O27: 0 | P27: =SUM(C27:I27,K27) -> 1798560 | Q27: =SUM(C27:J27,L27:O27) -> 2483280 | Y27: 333800 | AD27: =SUM(R27:AC27) -> 333800 | AE27: =IF(OR(AD27="", P27=""), 0, IFERROR((AD27-P27)/P27, IF(AD27<>0, 1, 0))) -> -0.81440708 | AF27: =IFERROR(_xlfn.RANK.EQ(AD27, $AD$2:$AD$677), "") -> 286
A28: (주)에프앤에프_MLB | B28: Toray Sakai Weaving & Dyeing (Nantong)Co.,Ltd | E28: 621000 | F28: 0 | G28: 770400 | H28: 75600 | I28: 0 | J28: 1134000 | K28: 0 | L28: 525600 | M28: 262800 | N28: 0 | O28: 0 | P28: =SUM(C28:I28,K28) -> 1467000 | Q28: =SUM(C28:J28,L28:O28) -> 3389400 | AD28: =SUM(R28:AC28) -> 0 | AE28: =IF(OR(AD28="", P28=""), 0, IFERROR((AD28-P28)/P28, IF(AD28<>0, 1, 0))) -> -1 | AF28: =IFERROR(_xlfn.RANK.EQ(AD28, $AD$2:$AD$677), "") -> 394
A29: (주)에프앤에프_MLB | B29: Dongguan Texwinca Textile and Garment Ltd | E29: 0 | F29: 654480 | G29: 694930 | H29: 0 | I29: 0 | J29: 0 | K29: 0 | L29: 2628390 | M29: 0 | N29: 0 | O29: 0 | P29: =SUM(C29:I29,K29) -> 1349410 | Q29: =SUM(C29:J29,L29:O29) -> 3977800 | U29: 976560 | V29: 898950 | W29: 14040 | X29: 0 | Y29: 0 | AD29: =SUM(R29:AC29) -> 1889550 | AE29: =IF(OR(AD29="", P29=""), 0, IFERROR((AD29-P29)/P29, IF(AD29<>0, 1, 0))) -> 0.40027864 | AF29: =IFERROR(_xlfn.RANK.EQ(AD29, $AD$2:$AD$677), "") -> 154
A30: (주)에프앤에프_MLB | B30: 주식회사 디원티엔씨 | E30: 1144800 | F30: 0 | G30: 0 | H30: 0 | I30: 0 | J30: 0 | K30: 0 | L30: 0 | M30: 0 | N30: 0 | O30: 0 | P30: =SUM(C30:I30,K30) -> 1144800 | Q30: =SUM(C30:J30,L30:O30) -> 1144800 | AD30: =SUM(R30:AC30) -> 0 | AE30: =IF(OR(AD30="", P30=""), 0, IFERROR((AD30-P30)/P30, IF(AD30<>0, 1, 0))) -> -1 | AF30: =IFERROR(_xlfn.RANK.EQ(AD30, $AD$2:$AD$677), "") -> 394
A31: (주)에프앤에프_MLB | B31: NINGBO TONGYI FUZHUANG | E31: 0 | F31: 0 | G31: 811800 | H31: 1263600 | I31: 1057180 | J31: 0 | K31: 0 | L31: 0 | M31: 0 | N31: 158560 | O31: 733920 | P31: =SUM(C31:I31,K31) -> 3132580 | Q31: =SUM(C31:J31,L31:O31) -> 4025060 | R31: 819720 | T31: 0 | U31: 26130 | V31: 0 | W31: 0 | X31: 0 | Y31: 0 | AD31: =SUM(R31:AC31) -> 845850 | AE31: =IF(OR(AD31="", P31=""), 0, IFERROR((AD31-P31)/P31, IF(AD31<>0, 1, 0))) -> -0.72998295 | AF31: =IFERROR(_xlfn.RANK.EQ(AD31, $AD$2:$AD$677), "") -> 214
A32: (주)에프앤에프_MLB | B32: SHANGHAI SKYTEX INCORPORATED COMPANY | D32: 108000 | E32: 667980 | F32: 0 | G32: 0 | H32: 0 | I32: 0 | J32: 446400 | K32: 0 | L32: 27000 | M32: 0 | N32: 0 | O32: 0 | P32: =SUM(C32:I32,K32) -> 775980 | Q32: =SUM(C32:J32,L32:O32) -> 1249380 | T32: 296590 | U32: 888410 | V32: 0 | W32: 0 | X32: 0 | Y32: 0 | AD32: =SUM(R32:AC32) -> 1185000 | AE32: =IF(OR(AD32="", P32=""), 0, IFERROR((AD32-P32)/P32, IF(AD32<>0, 1, 0))) -> 0.52710121 | AF32: =IFERROR(_xlfn.RANK.EQ(AD32, $AD$2:$AD$677), "") -> 184
A33: (주)에프앤에프_MLB | B33: YOURUN TEXTILE CO.,LTD | E33: 234360 | F33: 78120 | G33: 324000 | H33: 410400 | I33: 173520 | J33: 0 | K33: 0 | L33: 642240 | M33: 0 | N33: 0 | O33: 0 | P33: =SUM(C33:I33,K33) -> 1220400 | Q33: =SUM(C33:J33,L33:O33) -> 1862640 | R33: 86760 | T33: 0 | U33: 592800 | V33: 8190 | W33: 0 | X33: 659490 | Y33: 719300 | AD33: =SUM(R33:AC33) -> 2066540 | AE33: =IF(OR(AD33="", P33=""), 0, IFERROR((AD33-P33)/P33, IF(AD33<>0, 1, 0))) -> 0.69333006 | AF33: =IFERROR(_xlfn.RANK.EQ(AD33, $AD$2:$AD$677), "") -> 143
A34: (주)에프앤에프_MLB | B34: 가흥 이조화섬 | E34: 520560 | F34: 86760 | G34: 0 | H34: 0 | I34: 86760 | J34: 86760 | K34: 86760 | L34: 607320 | M34: 0 | N34: 0 | O34: 0 | P34: =SUM(C34:I34,K34) -> 780840 | Q34: =SUM(C34:J34,L34:O34) -> 1388160 | T34: 566460 | U34: 524550 | V34: 187980 | W34: 93990 | X34: 544440 | Y34: 172600 | AD34: =SUM(R34:AC34) -> 2090020 | AE34: =IF(OR(AD34="", P34=""), 0, IFERROR((AD34-P34)/P34, IF(AD34<>0, 1, 0))) -> 1.6766303 | AF34: =IFERROR(_xlfn.RANK.EQ(AD34, $AD$2:$AD$677), "") -> 141
A35: (주)에프앤에프_MLB | B35: (주)팬코 | E35: 527760 | F35: 0 | G35: 0 | H35: 0 | I35: 0 | J35: 0 | K35: 0 | L35: 257400 | M35: 0 | N35: 0 | O35: 688410 | P35: =SUM(C35:I35,K35) -> 527760 | Q35: =SUM(C35:J35,L35:O35) -> 1473570 | R35: 2642490 | S35: 9707900 | T35: 8992540 | U35: 731240 | V35: 4334840 | W35: 20639730 | X35: 10772730 | Y35: 16358950 | AD35: =SUM(R35:AC35) -> 74180420 | AE35: =IF(OR(AD35="", P35=""), 0, IFERROR((AD35-P35)/P35, IF(AD35<>0, 1, 0))) -> 139.55711 | AF35: =IFERROR(_xlfn.RANK.EQ(AD35, $AD$2:$AD$677), "") -> 3
A36: (주)에프앤에프_MLB | B36: NATURE OUTDOOR (JIANGSU) NEW MATERIALS CO.,LTD | E36: 0 | F36: 322200 | G36: 171000 | H36: 0 | I36: 0 | J36: 0 | K36: 0 | L36: 0 | M36: 0 | N36: 0 | O36: 0 | P36: =SUM(C36:I36,K36) -> 493200 | Q36: =SUM(C36:J36,L36:O36) -> 493200 | AD36: =SUM(R36:AC36) -> 0 | AE36: =IF(OR(AD36="", P36=""), 0, IFERROR((AD36-P36)/P36, IF(AD36<>0, 1, 0))) -> -1 | AF36: =IFERROR(_xlfn.RANK.EQ(AD36, $AD$2:$AD$677), "") -> 394
A37: (주)에프앤에프_MLB | B37: ZHANGJIANGANG NUOLE FABRIC LTD | E37: 0 | F37: 492840 | G37: 0 | H37: 0 | I37: 0 | J37: 0 | K37: 0 | L37: 0 | M37: 186840 | N37: 0 | O37: 0 | P37: =SUM(C37:I37,K37) -> 492840 | Q37: =SUM(C37:J37,L37:O37) -> 679680 | U37: 372060 | V37: 0 | W37: 0 | X37: 0 | Y37: 0 | AD37: =SUM(R37:AC37) -> 372060 | AE37: =IF(OR(AD37="", P37=""), 0, IFERROR((AD37-P37)/P37, IF(AD37<>0, 1, 0))) -> -0.24506939 | AF37: =IFERROR(_xlfn.RANK.EQ(AD37, $AD$2:$AD$677), "") -> 279
A38: (주)에프앤에프_MLB | B38: JIANGSU DONGFANG TEXTILE TECHNOLOGY CO.,LTD | E38: 0 | F38: 0 | G38: 375120 | H38: 0 | I38: 0 | J38: 0 | K38: 0 | L38: 0 | M38: 0 | N38: 0 | O38: 0 | P38: =SUM(C38:I38,K38) -> 375120 | Q38: =SUM(C38:J38,L38:O38) -> 375120 | T38: 1417650 | U38: 0 | V38: 0 | W38: 0 | X38: 0 | Y38: 0 | AD38: =SUM(R38:AC38) -> 1417650 | AE38: =IF(OR(AD38="", P38=""), 0, IFERROR((AD38-P38)/P38, IF(AD38<>0, 1, 0))) -> 2.7791907 | AF38: =IFERROR(_xlfn.RANK.EQ(AD38, $AD$2:$AD$677), "") -> 174
A39: (주)에프앤에프_MLB | B39: FUJIAN XIANJINFANGZHIPIN CO., LTD | E39: 0 | F39: 0 | G39: 345600 | H39: 0 | I39: 0 | J39: 0 | K39: 0 | L39: 270000 | M39: 0 | N39: 0 | O39: 0 | P39: =SUM(C39:I39,K39) -> 345600 | Q39: =SUM(C39:J39,L39:O39) -> 615600 | AD39: =SUM(R39:AC39) -> 0 | AE39: =IF(OR(AD39="", P39=""), 0, IFERROR((AD39-P39)/P39, IF(AD39<>0, 1, 0))) -> -1 | AF39: =IFERROR(_xlfn.RANK.EQ(AD39, $AD$2:$AD$677), "") -> 394
A40: (주)에프앤에프_MLB | B40: 티피나디아(주) | C40: 287640 | E40: 0 | F40: 0 | G40: 0 | H40: 0 | I40: 0 | J40: 1634400 | K40: 1593900 | L40: 2180770 | M40: 654210 | N40: 1058400 | O40: 659700 | P40: =SUM(C40:I40,K40) -> 1881540 | Q40: =SUM(C40:J40,L40:O40) -> 6475120 | R40: 1339290 | S40: 40320 | T40: 9553620 | U40: 2055870 | V40: 725400 | W40: 504070 | X40: 236040 | Y40: 3504800 | AD40: =SUM(R40:AC40) -> 17959410 | AE40: =IF(OR(AD40="", P40=""), 0, IFERROR((AD40-P40)/P40, IF(AD40<>0, 1, 0))) -> 8.5450588 | AF40: =IFERROR(_xlfn.RANK.EQ(AD40, $AD$2:$AD$677), "") -> 23
A41: (주)에프앤에프_MLB | B41: WECAN(ZIBO)TEXTILE AND GARMENT CO.,LTD | E41: 43920 | F41: 219960 | G41: 0 | H41: 776880 | I41: 0 | J41: 610560 | K41: 610560 | L41: 0 | M41: 0 | N41: 0 | O41: 0 | P41: =SUM(C41:I41,K41) -> 1651320 | Q41: =SUM(C41:J41,L41:O41) -> 1651320 | AD41: =SUM(R41:AC41) -> 0 | AE41: =IF(OR(AD41="", P41=""), 0, IFERROR((AD41-P41)/P41, IF(AD41<>0, 1, 0))) -> -1 | AF41: =IFERROR(_xlfn.RANK.EQ(AD41, $AD$2:$AD$677), "") -> 394
A42: (주)에프앤에프_MLB | B42: CHANGZHOU YUYUANG TEXTILE LTD. | E42: 0 | F42: 0 | G42: 135000 | H42: 0 | I42: 0 | J42: 0 | K42: 0 | L42: 0 | M42: 0 | N42: 0 | O42: 0 | P42: =SUM(C42:I42,K42) -> 135000 | Q42: =SUM(C42:J42,L42:O42) -> 135000 | AD42: =SUM(R42:AC42) -> 0 | AE42: =IF(OR(AD42="", P42=""), 0, IFERROR((AD42-P42)/P42, IF(AD42<>0, 1, 0))) -> -1 | AF42: =IFERROR(_xlfn.RANK.EQ(AD42, $AD$2:$AD$677), "") -> 394
A43: (주)에프앤에프_MLB | B43: SUZHOU TOP-TEXTILE CO., LTD | E43: 0 | F43: 86400 | G43: 0 | H43: 0 | I43: 0 | J43: 0 | K43: 0 | L43: 0 | M43: 0 | N43: 0 | O43: 0 | P43: =SUM(C43:I43,K43) -> 86400 | Q43: =SUM(C43:J43,L43:O43) -> 86400 | AD43: =SUM(R43:AC43) -> 0 | AE43: =IF(OR(AD43="", P43=""), 0, IFERROR((AD43-P43)/P43, IF(AD43<>0, 1, 0))) -> -1 | AF43: =IFERROR(_xlfn.RANK.EQ(AD43, $AD$2:$AD$677), "") -> 394
A44: (주)에프앤에프_MLB | B44: SHAOXING SHANGJIE TEXTILES CO.,LTD | E44: 86400 | F44: 0 | G44: 0 | H44: 0 | I44: 0 | J44: 0 | K44: 0 | L44: 0 | M44: 0 | N44: 0 | O44: 0 | P44: =SUM(C44:I44,K44) -> 86400 | Q44: =SUM(C44:J44,L44:O44) -> 86400 | W44: 1930690 | X44: 0 | Y44: 0 | AD44: =SUM(R44:AC44) -> 1930690 | AE44: =IF(OR(AD44="", P44=""), 0, IFERROR((AD44-P44)/P44, IF(AD44<>0, 1, 0))) -> 21.345949 | AF44: =IFERROR(_xlfn.RANK.EQ(AD44, $AD$2:$AD$677), "") -> 148
A45: (주)에프앤에프_MLB | B45: NUOBO TEXTILE | P45: =SUM(C45:I45,K45) -> 0 | Q45: =SUM(C45:J45,L45:O45) -> 0 | AD45: =SUM(R45:AC45) -> 0 | AE45: =IF(OR(AD45="", P45=""), 0, IFERROR((AD45-P45)/P45, IF(AD45<>0, 1, 0))) -> 0 | AF45: =IFERROR(_xlfn.RANK.EQ(AD45, $AD$2:$AD$677), "") -> 394
A46: (주)에프앤에프_MLB | B46: NANTONG DIREN | P46: =SUM(C46:I46,K46) -> 0 | Q46: =SUM(C46:J46,L46:O46) -> 0 | AD46: =SUM(R46:AC46) -> 0 | AE46: =IF(OR(AD46="", P46=""), 0, IFERROR((AD46-P46)/P46, IF(AD46<>0, 1, 0))) -> 0 | AF46: =IFERROR(_xlfn.RANK.EQ(AD46, $AD$2:$AD$677), "") -> 394
A47: (주)에프앤에프_MLB | B47: Nice Dyeing Factory Ltd. | P47: =SUM(C47:I47,K47) -> 0 | Q47: =SUM(C47:J47,L47:O47) -> 0 | AD47: =SUM(R47:AC47) -> 0 | AE47: =IF(OR(AD47="", P47=""), 0, IFERROR((AD47-P47)/P47, IF(AD47<>0, 1, 0))) -> 0 | AF47: =IFERROR(_xlfn.RANK.EQ(AD47, $AD$2:$AD$677), "") -> 394
A48: (주)에프앤에프_MLB | B48: JIANGSU FENGYIN TEXTILE INDUSTRIAL CO LTD | E48: 0 | F48: 0 | G48: 0 | H48: 0 | I48: 0 | J48: 0 | L48: 677880 | M48: 0 | N48: 0 | O48: 0 | P48: =SUM(C48:I48,K48) -> 0 | Q48: =SUM(C48:J48,L48:O48) -> 677880 | AD48: =SUM(R48:AC48) -> 0 | AE48: =IF(OR(AD48="", P48=""), 0, IFERROR((AD48-P48)/P48, IF(AD48<>0, 1, 0))) -> 0 | AF48: =IFERROR(_xlfn.RANK.EQ(AD48, $AD$2:$AD$677), "") -> 394
A49: (주)에프앤에프_MLB | B49: JIANGSU GOLDEN MORNING KNITTING COMPANY | P49: =SUM(C49:I49,K49) -> 0 | Q49: =SUM(C49:J49,L49:O49) -> 0 | AD49: =SUM(R49:AC49) -> 0 | AE49: =IF(OR(AD49="", P49=""), 0, IFERROR((AD49-P49)/P49, IF(AD49<>0, 1, 0))) -> 0 | AF49: =IFERROR(_xlfn.RANK.EQ(AD49, $AD$2:$AD$677), "") -> 394
A50: (주)에프앤에프_MLB | B50: TESSELLATION DONG NAI COMPANY LIMITED | P50: =SUM(C50:I50,K50) -> 0 | Q50: =SUM(C50:J50,L50:O50) -> 0 | AD50: =SUM(R50:AC50) -> 0 | AE50: =IF(OR(AD50="", P50=""), 0, IFERROR((AD50-P50)/P50, IF(AD50<>0, 1, 0))) -> 0 | AF50: =IFERROR(_xlfn.RANK.EQ(AD50, $AD$2:$AD$677), "") -> 394
A51: (주)에프앤에프_MLB | B51: CONVERSTER.,LTD | P51: =SUM(C51:I51,K51) -> 0 | Q51: =SUM(C51:J51,L51:O51) -> 0 | AD51: =SUM(R51:AC51) -> 0 | AE51: =IF(OR(AD51="", P51=""), 0, IFERROR((AD51-P51)/P51, IF(AD51<>0, 1, 0))) -> 0 | AF51: =IFERROR(_xlfn.RANK.EQ(AD51, $AD$2:$AD$677), "") -> 394
A52: (주)에프앤에프_MLB | B52: TOPSON TEXTILE CO.,LTD | P52: =SUM(C52:I52,K52) -> 0 | Q52: =SUM(C52:J52,L52:O52) -> 0 | AD52: =SUM(R52:AC52) -> 0 | AE52: =IF(OR(AD52="", P52=""), 0, IFERROR((AD52-P52)/P52, IF(AD52<>0, 1, 0))) -> 0 | AF52: =IFERROR(_xlfn.RANK.EQ(AD52, $AD$2:$AD$677), "") -> 394
A53: (주)에프앤에프_MLB | B53: HANGZHOU XIANSHENG FANGZHI | P53: =SUM(C53:I53,K53) -> 0 | Q53: =SUM(C53:J53,L53:O53) -> 0 | AD53: =SUM(R53:AC53) -> 0 | AE53: =IF(OR(AD53="", P53=""), 0, IFERROR((AD53-P53)/P53, IF(AD53<>0, 1, 0))) -> 0 | AF53: =IFERROR(_xlfn.RANK.EQ(AD53, $AD$2:$AD$677), "") -> 394
A54: (주)에프앤에프_MLB | B54: ZHEJIANG SHAOXING YOURUI TEXTILE CO.,LTD | P54: =SUM(C54:I54,K54) -> 0 | Q54: =SUM(C54:J54,L54:O54) -> 0 | AD54: =SUM(R54:AC54) -> 0 | AE54: =IF(OR(AD54="", P54=""), 0, IFERROR((AD54-P54)/P54, IF(AD54<>0, 1, 0))) -> 0 | AF54: =IFERROR(_xlfn.RANK.EQ(AD54, $AD$2:$AD$677), "") -> 394
A55: (주)에프앤에프_MLB | B55: SHANGHAI JUNRONG FUSHI | P55: =SUM(C55:I55,K55) -> 0 | Q55: =SUM(C55:J55,L55:O55) -> 0 | AD55: =SUM(R55:AC55) -> 0 | AE55: =IF(OR(AD55="", P55=""), 0, IFERROR((AD55-P55)/P55, IF(AD55<>0, 1, 0))) -> 0 | AF55: =IFERROR(_xlfn.RANK.EQ(AD55, $AD$2:$AD$677), "") -> 394
A56: (주)에프앤에프_MLB | B56: 쯔보위켄방직복장유한공사 | P56: =SUM(C56:I56,K56) -> 0 | Q56: =SUM(C56:J56,L56:O56) -> 0 | AD56: =SUM(R56:AC56) -> 0 | AE56: =IF(OR(AD56="", P56=""), 0, IFERROR((AD56-P56)/P56, IF(AD56<>0, 1, 0))) -> 0 | AF56: =IFERROR(_xlfn.RANK.EQ(AD56, $AD$2:$AD$677), "") -> 394
A57: (주)에프앤에프_MLB | B57: GUANG ZHOU SHENDA METAL & PLASTIC PRODUCTS CO., LTD. | P57: =SUM(C57:I57,K57) -> 0 | Q57: =SUM(C57:J57,L57:O57) -> 0 | AD57: =SUM(R57:AC57) -> 0 | AE57: =IF(OR(AD57="", P57=""), 0, IFERROR((AD57-P57)/P57, IF(AD57<>0, 1, 0))) -> 0 | AF57: =IFERROR(_xlfn.RANK.EQ(AD57, $AD$2:$AD$677), "") -> 394
A58: (주)에프앤에프_MLB | B58: 엘림인터내셔날 | P58: =SUM(C58:I58,K58) -> 0 | Q58: =SUM(C58:J58,L58:O58) -> 0 | AD58: =SUM(R58:AC58) -> 0 | AE58: =IF(OR(AD58="", P58=""), 0, IFERROR((AD58-P58)/P58, IF(AD58<>0, 1, 0))) -> 0 | AF58: =IFERROR(_xlfn.RANK.EQ(AD58, $AD$2:$AD$677), "") -> 394
A59: (주)에프앤에프_MLB | B59: (주)비케이티엔씨 | P59: =SUM(C59:I59,K59) -> 0 | Q59: =SUM(C59:J59,L59:O59) -> 0 | AD59: =SUM(R59:AC59) -> 0 | AE59: =IF(OR(AD59="", P59=""), 0, IFERROR((AD59-P59)/P59, IF(AD59<>0, 1, 0))) -> 0 | AF59: =IFERROR(_xlfn.RANK.EQ(AD59, $AD$2:$AD$677), "") -> 394
A60: (주)에프앤에프_MLB | B60: Stylist Fashion China Inc | E60: 0 | F60: 0 | G60: 0 | H60: 0 | I60: 0 | J60: 0 | L60: 1001880 | M60: 27000 | N60: 0 | O60: 0 | P60: =SUM(C60:I60,K60) -> 0 | Q60: =SUM(C60:J60,L60:O60) -> 1028880 | AD60: =SUM(R60:AC60) -> 0 | AE60: =IF(OR(AD60="", P60=""), 0, IFERROR((AD60-P60)/P60, IF(AD60<>0, 1, 0))) -> 0 | AF60: =IFERROR(_xlfn.RANK.EQ(AD60, $AD$2:$AD$677), "") -> 394
A61: (주)에프앤에프_MLB | B61: YIXING MAGNOLIA GARMENT CO.,LTD. | P61: =SUM(C61:I61,K61) -> 0 | Q61: =SUM(C61:J61,L61:O61) -> 0 | AD61: =SUM(R61:AC61) -> 0 | AE61: =IF(OR(AD61="", P61=""), 0, IFERROR((AD61-P61)/P61, IF(AD61<>0, 1, 0))) -> 0 | AF61: =IFERROR(_xlfn.RANK.EQ(AD61, $AD$2:$AD$677), "") -> 394
A62: (주)에프앤에프_MLB | B62: Jiangsu Zobo Clothing Co., Ltd | P62: =SUM(C62:I62,K62) -> 0 | Q62: =SUM(C62:J62,L62:O62) -> 0 | AD62: =SUM(R62:AC62) -> 0 | AE62: =IF(OR(AD62="", P62=""), 0, IFERROR((AD62-P62)/P62, IF(AD62<>0, 1, 0))) -> 0 | AF62: =IFERROR(_xlfn.RANK.EQ(AD62, $AD$2:$AD$677), "") -> 394
A63: (주)에프앤에프_MLB | B63: NINGBO TONGFU FANGZHI | P63: =SUM(C63:I63,K63) -> 0 | Q63: =SUM(C63:J63,L63:O63) -> 0 | AD63: =SUM(R63:AC63) -> 0 | AE63: =IF(OR(AD63="", P63=""), 0, IFERROR((AD63-P63)/P63, IF(AD63<>0, 1, 0))) -> 0 | AF63: =IFERROR(_xlfn.RANK.EQ(AD63, $AD$2:$AD$677), "") -> 394
A64: (주)에프앤에프_MLB | B64: TONGCHENG OUHE GARMENTS CO., LTD | P64: =SUM(C64:I64,K64) -> 0 | Q64: =SUM(C64:J64,L64:O64) -> 0 | AD64: =SUM(R64:AC64) -> 0 | AE64: =IF(OR(AD64="", P64=""), 0, IFERROR((AD64-P64)/P64, IF(AD64<>0, 1, 0))) -> 0 | AF64: =IFERROR(_xlfn.RANK.EQ(AD64, $AD$2:$AD$677), "") -> 394
A65: (주)에프앤에프_MLB | B65: (주)에이엠지엠브이 | E65: 0 | F65: 0 | G65: 0 | H65: 315360 | I65: 812340 | J65: 0 | K65: 0 | L65: 0 | M65: 0 | N65: 0 | O65: 0 | P65: =SUM(C65:I65,K65) -> 1127700 | Q65: =SUM(C65:J65,L65:O65) -> 1127700 | AD65: =SUM(R65:AC65) -> 0 | AE65: =IF(OR(AD65="", P65=""), 0, IFERROR((AD65-P65)/P65, IF(AD65<>0, 1, 0))) -> -1 | AF65: =IFERROR(_xlfn.RANK.EQ(AD65, $AD$2:$AD$677), "") -> 394
A66: (주)에프앤에프_MLB | B66: 주식회사 위클리플랜 | E66: 0 | F66: 0 | G66: 0 | H66: 0 | I66: 94770 | J66: 0 | K66: 0 | L66: 0 | M66: 0 | N66: 0 | O66: 0 | P66: =SUM(C66:I66,K66) -> 94770 | Q66: =SUM(C66:J66,L66:O66) -> 94770 | AD66: =SUM(R66:AC66) -> 0 | AE66: =IF(OR(AD66="", P66=""), 0, IFERROR((AD66-P66)/P66, IF(AD66<>0, 1, 0))) -> -1 | AF66: =IFERROR(_xlfn.RANK.EQ(AD66, $AD$2:$AD$677), "") -> 394
A67: (주)에프앤에프_MLB | B67: (주)서경어패럴 | E67: 0 | F67: 0 | G67: 0 | H67: 0 | I67: 561600 | J67: 0 | K67: 0 | L67: 0 | M67: 0 | N67: 0 | O67: 0 | P67: =SUM(C67:I67,K67) -> 561600 | Q67: =SUM(C67:J67,L67:O67) -> 561600 | AD67: =SUM(R67:AC67) -> 0 | AE67: =IF(OR(AD67="", P67=""), 0, IFERROR((AD67-P67)/P67, IF(AD67<>0, 1, 0))) -> -1 | AF67: =IFERROR(_xlfn.RANK.EQ(AD67, $AD$2:$AD$677), "") -> 394
A68: (주)에프앤에프_MLB | B68: YOUNG TEXTILE | E68: 0 | F68: 0 | G68: 0 | H68: 0 | I68: 0 | J68: 312660 | L68: 0 | M68: 0 | N68: 0 | O68: 0 | P68: =SUM(C68:I68,K68) -> 0 | Q68: =SUM(C68:J68,L68:O68) -> 312660 | AD68: =SUM(R68:AC68) -> 0 | AE68: =IF(OR(AD68="", P68=""), 0, IFERROR((AD68-P68)/P68, IF(AD68<>0, 1, 0))) -> 0 | AF68: =IFERROR(_xlfn.RANK.EQ(AD68, $AD$2:$AD$677), "") -> 394
A69: (주)에프앤에프_MLB | B69: Tessellation Group | E69: 0 | F69: 0 | G69: 0 | H69: 0 | I69: 0 | J69: 0 | L69: 64800 | M69: 0 | N69: 0 | O69: 0 | P69: =SUM(C69:I69,K69) -> 0 | Q69: =SUM(C69:J69,L69:O69) -> 64800 | AD69: =SUM(R69:AC69) -> 0 | AE69: =IF(OR(AD69="", P69=""), 0, IFERROR((AD69-P69)/P69, IF(AD69<>0, 1, 0))) -> 0 | AF69: =IFERROR(_xlfn.RANK.EQ(AD69, $AD$2:$AD$677), "") -> 394
A70: (주)에프앤에프_MLB | B70: HENAN SHENGTAI KNIT CO;LTD | E70: 0 | F70: 0 | G70: 0 | H70: 0 | I70: 0 | J70: 0 | L70: 2147400 | M70: 3308400 | N70: 707400 | O70: 0 | P70: =SUM(C70:I70,K70) -> 0 | Q70: =SUM(C70:J70,L70:O70) -> 6163200 | R70: 702000 | S70: 484380 | AD70: =SUM(R70:AC70) -> 1186380 | AE70: =IF(OR(AD70="", P70=""), 0, IFERROR((AD70-P70)/P70, IF(AD70<>0, 1, 0))) -> 1 | AF70: =IFERROR(_xlfn.RANK.EQ(AD70, $AD$2:$AD$677), "") -> 183
A71: (주)에프앤에프_MLB | B71: 이케이상사(주) | E71: 0 | F71: 0 | G71: 0 | H71: 0 | I71: 0 | J71: 0 | L71: 486900 | M71: 0 | N71: 0 | O71: 0 | P71: =SUM(C71:I71,K71) -> 0 | Q71: =SUM(C71:J71,L71:O71) -> 486900 | AD71: =SUM(R71:AC71) -> 0 | AE71: =IF(OR(AD71="", P71=""), 0, IFERROR((AD71-P71)/P71, IF(AD71<>0, 1, 0))) -> 0 | AF71: =IFERROR(_xlfn.RANK.EQ(AD71, $AD$2:$AD$677), "") -> 394
A72: (주)에프앤에프_MLB | B72: (주)에이디엘코리아 | E72: 0 | F72: 0 | G72: 0 | H72: 0 | I72: 0 | J72: 0 | L72: 466200 | M72: 0 | N72: 0 | O72: 0 | P72: =SUM(C72:I72,K72) -> 0 | Q72: =SUM(C72:J72,L72:O72) -> 466200 | AD72: =SUM(R72:AC72) -> 0 | AE72: =IF(OR(AD72="", P72=""), 0, IFERROR((AD72-P72)/P72, IF(AD72<>0, 1, 0))) -> 0 | AF72: =IFERROR(_xlfn.RANK.EQ(AD72, $AD$2:$AD$677), "") -> 394
A73: (주)에프앤에프_MLB | B73: SUZHOU GLOBAL TEXTILE. CO., LTD | E73: 0 | F73: 0 | G73: 0 | H73: 0 | I73: 0 | J73: 0 | L73: 225360 | M73: 0 | N73: 0 | O73: 360000 | P73: =SUM(C73:I73,K73) -> 0 | Q73: =SUM(C73:J73,L73:O73) -> 585360 | T73: 1277250 | U73: 204750 | V73: 0 | W73: 0 | X73: 0 | Y73: 0 | AD73: =SUM(R73:AC73) -> 1482000 | AE73: =IF(OR(AD73="", P73=""), 0, IFERROR((AD73-P73)/P73, IF(AD73<>0, 1, 0))) -> 1 | AF73: =IFERROR(_xlfn.RANK.EQ(AD73, $AD$2:$AD$677), "") -> 168
A74: (주)에프앤에프_MLB | B74: (주)호성비엔티 | E74: 0 | F74: 0 | G74: 0 | H74: 0 | I74: 0 | J74: 0 | L74: 0 | M74: 0 | N74: 523800 | O74: 0 | P74: =SUM(C74:I74,K74) -> 0 | Q74: =SUM(C74:J74,L74:O74) -> 523800 | U74: 828360 | V74: 191490 | W74: 0 | X74: 0 | Y74: 0 | AD74: =SUM(R74:AC74) -> 1019850 | AE74: =IF(OR(AD74="", P74=""), 0, IFERROR((AD74-P74)/P74, IF(AD74<>0, 1, 0))) -> 1 | AF74: =IFERROR(_xlfn.RANK.EQ(AD74, $AD$2:$AD$677), "") -> 197
A75: (주)에프앤에프_MLB | B75: Jiaxing Banglin Textile Co.,Ltd | P75: =SUM(C75:I75,K75) -> 0 | Q75: =SUM(C75:J75,L75:O75) -> 0 | T75: 235950 | U75: 17550 | V75: 235950 | W75: 0 | X75: 0 | Y75: 0 | AD75: =SUM(R75:AC75) -> 489450 | AE75: =IF(OR(AD75="", P75=""), 0, IFERROR((AD75-P75)/P75, IF(AD75<>0, 1, 0))) -> 1 | AF75: =IFERROR(_xlfn.RANK.EQ(AD75, $AD$2:$AD$677), "") -> 259
A76: (주)에프앤에프_MLB | B76: SUZHOU DIREN PENZHI CHANG | P76: =SUM(C76:I76,K76) -> 0 | Q76: =SUM(C76:J76,L76:O76) -> 0 | T76: 530200 | U76: 0 | V76: 0 | W76: 0 | X76: 0 | Y76: 0 | AD76: =SUM(R76:AC76) -> 530200 | AE76: =IF(OR(AD76="", P76=""), 0, IFERROR((AD76-P76)/P76, IF(AD76<>0, 1, 0))) -> 1 | AF76: =IFERROR(_xlfn.RANK.EQ(AD76, $AD$2:$AD$677), "") -> 252
A77: (주)에프앤에프_MLB | B77: Hangzhou Yihua Textile & Silk Co.,Ltd | P77: =SUM(C77:I77,K77) -> 0 | Q77: =SUM(C77:J77,L77:O77) -> 0 | T77: 282750 | U77: 0 | V77: 58500 | W77: 562570 | X77: 234390 | Y77: 0 | AD77: =SUM(R77:AC77) -> 1138210 | AE77: =IF(OR(AD77="", P77=""), 0, IFERROR((AD77-P77)/P77, IF(AD77<>0, 1, 0))) -> 1 | AF77: =IFERROR(_xlfn.RANK.EQ(AD77, $AD$2:$AD$677), "") -> 188
A78: (주)에프앤에프_MLB | B78: ZHEJIANG TEXANDA TEXTILE TECHNOLOGY CO.,LTD. | K78: 10870560 | P78: =SUM(C78:I78,K78) -> 10870560 | Q78: =SUM(C78:J78,L78:O78) -> 0 | U78: 9346740 | V78: 5571140 | W78: 2684760 | X78: 6146790 | Y78: 3421400 | AD78: =SUM(R78:AC78) -> 27170830 | AE78: =IF(OR(AD78="", P78=""), 0, IFERROR((AD78-P78)/P78, IF(AD78<>0, 1, 0))) -> 1.4994876 | AF78: =IFERROR(_xlfn.RANK.EQ(AD78, $AD$2:$AD$677), "") -> 14
A79: (주)에프앤에프_MLB | B79: 라임스포츠 | P79: =SUM(C79:I79,K79) -> 0 | Q79: =SUM(C79:J79,L79:O79) -> 0 | U79: 1984710 | V79: 22030 | W79: 0 | X79: 0 | Y79: 0 | AD79: =SUM(R79:AC79) -> 2006740 | AE79: =IF(OR(AD79="", P79=""), 0, IFERROR((AD79-P79)/P79, IF(AD79<>0, 1, 0))) -> 1 | AF79: =IFERROR(_xlfn.RANK.EQ(AD79, $AD$2:$AD$677), "") -> 146
